vote,industry,bioname,state_abbrev,nom,pro,pre,post
CLARITY Act (crypto market structure),crypto,"SEWELL, Terri",AL,-0.402,1,500.0,0.0
CLARITY Act (crypto market structure),crypto,"FIGURES, Shomari",AL,-0.411,1,1500.0,9000.0
CLARITY Act (crypto market structure),crypto,"STANTON, Greg",AZ,-0.281,1,0.0,157560.0
CLARITY Act (crypto market structure),crypto,"ANSARI, Yassamin",AZ,-0.428,1,0.0,0.0
CLARITY Act (crypto market structure),crypto,"PELOSI, Nancy",CA,-0.489,1,0.0,0.0
CLARITY Act (crypto market structure),crypto,"SÁNCHEZ, Linda T.",CA,-0.507,0,0.0,0.0
CLARITY Act (crypto market structure),crypto,"COSTA, Jim",CA,-0.199,1,0.0,0.0
CLARITY Act (crypto market structure),crypto,"MATSUI, Doris",CA,-0.433,0,0.0,0.0
CLARITY Act (crypto market structure),crypto,"CHU, Judy",CA,-0.479,0,0.0,0.0
CLARITY Act (crypto market structure),crypto,"GARAMENDI, John",CA,-0.312,0,0.0,0.0
CLARITY Act (crypto market structure),crypto,"HUFFMAN, Jared",CA,-0.432,0,500.0,250.0
CLARITY Act (crypto market structure),crypto,"BERA, Ami",CA,-0.247,1,0.0,0.0
CLARITY Act (crypto market structure),crypto,"SWALWELL, Eric",CA,-0.355,0,0.0,0.0
CLARITY Act (crypto market structure),crypto,"BROWNLEY, Julia",CA,-0.306,0,0.0,0.0
CLARITY Act (crypto market structure),crypto,"RUIZ, Raul",CA,-0.262,1,0.0,10000.0
CLARITY Act (crypto market structure),crypto,"TAKANO, Mark",CA,-0.457,0,0.0,0.0
CLARITY Act (crypto market structure),crypto,"VARGAS, Juan",CA,-0.396,0,0.0,0.0
CLARITY Act (crypto market structure),crypto,"PETERS, Scott",CA,-0.194,0,0.0,0.0
CLARITY Act (crypto market structure),crypto,"DESAULNIER, Mark James",CA,-0.507,0,0.0,0.0
CLARITY Act (crypto market structure),crypto,"AGUILAR, Peter Rey",CA,-0.328,1,3500.0,18500.0
CLARITY Act (crypto market structure),crypto,"LIEU, Ted",CA,-0.37,1,2000.0,106346.0
CLARITY Act (crypto market structure),crypto,"TORRES, Norma Judith",CA,-0.366,0,0.0,0.0
CLARITY Act (crypto market structure),crypto,"BARRAGÁN, Nanette Diaz",CA,-0.497,0,0.0,0.0
CLARITY Act (crypto market structure),crypto,"CARBAJAL, Salud",CA,-0.323,1,0.0,0.0
CLARITY Act (crypto market structure),crypto,"CORREA, Jose Luis",CA,-0.285,1,0.0,107386.0
CLARITY Act (crypto market structure),crypto,"KHANNA, Ro",CA,-0.458,1,40500.0,31500.0
CLARITY Act (crypto market structure),crypto,"PANETTA, James Varni",CA,-0.279,1,1000.0,15500.0
CLARITY Act (crypto market structure),crypto,"GOMEZ, Jimmy",CA,-0.532,1,0.0,10000.0
CLARITY Act (crypto market structure),crypto,"CISNEROS, Gil",CA,-0.457,0,0.0,0.0
CLARITY Act (crypto market structure),crypto,"HARDER, Josh",CA,-0.295,1,0.0,2000.0
CLARITY Act (crypto market structure),crypto,"LEVIN, Mike",CA,-0.323,1,625.0,775.0
CLARITY Act (crypto market structure),crypto,"JACOBS, Sara",CA,-0.419,0,0.0,0.0
CLARITY Act (crypto market structure),crypto,"GARCIA, Robert",CA,-0.373,0,0.0,1000.0
CLARITY Act (crypto market structure),crypto,"KAMLAGER-DOVE, Sydney",CA,-0.519,0,3500.0,500.0
CLARITY Act (crypto market structure),crypto,"MULLIN, Kevin",CA,-0.479,1,0.0,0.0
CLARITY Act (crypto market structure),crypto,"FRIEDMAN, Laura",CA,-0.356,0,0.0,0.0
CLARITY Act (crypto market structure),crypto,"GRAY, Adam",CA,-0.235,1,1000.0,2750.0
CLARITY Act (crypto market structure),crypto,"LICCARDO, Sam T.",CA,-0.346,0,38000.0,6500.0
CLARITY Act (crypto market structure),crypto,"MIN, Dave",CA,-0.207,1,0.0,110438.0
CLARITY Act (crypto market structure),crypto,"RIVAS, Luz M.",CA,-0.521,0,0.0,0.0
CLARITY Act (crypto market structure),crypto,"SIMON, Lateefah",CA,-0.603,1,0.0,111598.0
CLARITY Act (crypto market structure),crypto,"TRAN, Derek",CA,-0.233,1,1505.0,8500.0
CLARITY Act (crypto market structure),crypto,"WHITESIDES, George",CA,-0.204,1,1250.0,493424.0
CLARITY Act (crypto market structure),crypto,"WATERS, Maxine",CA,-0.656,0,0.0,3300.0
CLARITY Act (crypto market structure),crypto,"LOFGREN, Zoe",CA,-0.396,1,0.0,130274.0
CLARITY Act (crypto market structure),crypto,"SHERMAN, Brad",CA,-0.345,0,0.0,5000.0
CLARITY Act (crypto market structure),crypto,"THOMPSON, Michael",CA,-0.392,1,0.0,0.0
CLARITY Act (crypto market structure),crypto,"CROW, Jason",CO,-0.361,0,0.0,0.0
CLARITY Act (crypto market structure),crypto,"NEGUSE, Joseph",CO,-0.431,0,1250.0,0.0
CLARITY Act (crypto market structure),crypto,"PETTERSEN, Brittany",CO,-0.376,0,9500.0,2500.0
CLARITY Act (crypto market structure),crypto,"DEGETTE, Diana",CO,-0.431,0,0.0,0.0
CLARITY Act (crypto market structure),crypto,"COURTNEY, Joe",CT,-0.336,0,0.0,0.0
CLARITY Act (crypto market structure),crypto,"HIMES, James A.",CT,-0.241,0,8300.0,2500.0
CLARITY Act (crypto market structure),crypto,"HAYES, Jahana",CT,-0.341,0,0.0,0.0
CLARITY Act (crypto market structure),crypto,"DeLAURO, Rosa L.",CT,-0.414,0,0.0,0.0
CLARITY Act (crypto market structure),crypto,"LARSON, John B.",CT,-0.396,0,0.0,0.0
CLARITY Act (crypto market structure),crypto,"MCBRIDE, Sarah",DE,-0.267,1,0.0,1000.0
CLARITY Act (crypto market structure),crypto,"WASSERMAN SCHULTZ, Debbie",FL,-0.412,0,0.0,0.0
CLARITY Act (crypto market structure),crypto,"CASTOR, Kathy",FL,-0.434,0,0.0,3000.0
CLARITY Act (crypto market structure),crypto,"WILSON, Frederica",FL,-0.476,0,0.0,0.0
CLARITY Act (crypto market structure),crypto,"FRANKEL, Lois",FL,-0.394,1,0.0,151713.0
CLARITY Act (crypto market structure),crypto,"SOTO, Darren Michael",FL,-0.339,1,0.0,7000.0
CLARITY Act (crypto market structure),crypto,"CHERFILUS-MCCORMICK, Sheila",FL,-0.429,0,0.0,0.0
CLARITY Act (crypto market structure),crypto,"FROST, Maxwell",FL,-0.442,0,0.0,0.0
CLARITY Act (crypto market structure),crypto,"MOSKOWITZ, Jared",FL,-0.227,1,0.0,0.0
CLARITY Act (crypto market structure),crypto,"SCOTT, David",GA,-0.305,0,0.0,0.0
CLARITY Act (crypto market structure),crypto,"JOHNSON, Hank",GA,-0.479,0,0.0,0.0
CLARITY Act (crypto market structure),crypto,"McBATH, Lucy",GA,-0.371,1,0.0,0.0
CLARITY Act (crypto market structure),crypto,"WILLIAMS, Nikema",GA,-0.442,0,0.0,0.0
CLARITY Act (crypto market structure),crypto,"BISHOP, Sanford Dixon, Jr.",GA,-0.289,0,0.0,0.0
CLARITY Act (crypto market structure),crypto,"CASE, Ed",HI,-0.208,0,0.0,0.0
CLARITY Act (crypto market structure),crypto,"TOKUDA, Jill",HI,-0.455,0,0.0,0.0
CLARITY Act (crypto market structure),crypto,"FOSTER, Bill",IL,-0.238,0,0.0,0.0
CLARITY Act (crypto market structure),crypto,"QUIGLEY, Mike",IL,-0.324,0,250.0,0.0
CLARITY Act (crypto market structure),crypto,"SCHNEIDER, Brad",IL,-0.199,1,9000.0,4000.0
CLARITY Act (crypto market structure),crypto,"KELLY, Robin L.",IL,-0.474,0,0.0,285008.0
CLARITY Act (crypto market structure),crypto,"KRISHNAMOORTHI, S. Raja",IL,-0.349,1,7000.0,70220.0
CLARITY Act (crypto market structure),crypto,"CASTEN, Sean",IL,-0.625,0,0.0,0.0
CLARITY Act (crypto market structure),crypto,"GARCÍA, Jesús",IL,-0.439,0,0.0,0.0
CLARITY Act (crypto market structure),crypto,"UNDERWOOD, Lauren",IL,-0.597,0,0.0,0.0
CLARITY Act (crypto market structure),crypto,"BUDZINSKI, Nikki",IL,-0.317,1,10000.0,97360.0
CLARITY Act (crypto market structure),crypto,"JACKSON, Jonathan",IL,-0.349,1,0.0,2500.0
CLARITY Act (crypto market structure),crypto,"RAMIREZ, Delia",IL,-0.496,0,0.0,0.0
CLARITY Act (crypto market structure),crypto,"SORENSEN, Eric",IL,-0.24,1,1000.0,9000.0
CLARITY Act (crypto market structure),crypto,"DAVIS, Danny K.",IL,-0.487,0,0.0,0.0
CLARITY Act (crypto market structure),crypto,"SCHAKOWSKY, Janice D.",IL,-0.602,0,0.0,0.0
CLARITY Act (crypto market structure),crypto,"CARSON, André",IN,-0.434,0,0.0,0.0
CLARITY Act (crypto market structure),crypto,"MRVAN, Frank J.",IN,-0.299,0,0.0,0.0
CLARITY Act (crypto market structure),crypto,"DAVIDS, Sharice",KS,-0.265,0,0.0,2000.0
CLARITY Act (crypto market structure),crypto,"MCGARVEY, Morgan",KY,-0.486,0,0.0,0.0
CLARITY Act (crypto market structure),crypto,"CARTER, Troy",LA,-0.521,0,0.0,1000.0
CLARITY Act (crypto market structure),crypto,"FIELDS, Cleo",LA,-0.457,1,0.0,0.0
CLARITY Act (crypto market structure),crypto,"PINGREE, Chellie",ME,-0.421,0,0.0,0.0
CLARITY Act (crypto market structure),crypto,"GOLDEN, Jared",ME,-0.106,1,0.0,0.0
CLARITY Act (crypto market structure),crypto,"HOYER, Steny Hamilton",MD,-0.381,0,0.0,0.0
CLARITY Act (crypto market structure),crypto,"MFUME, Kweisi",MD,-0.441,0,0.0,0.0
CLARITY Act (crypto market structure),crypto,"RASKIN, Jamie Ben",MD,-0.494,0,0.0,0.0
CLARITY Act (crypto market structure),crypto,"IVEY, Glenn",MD,-0.466,0,0.0,500.0
CLARITY Act (crypto market structure),crypto,"ELFRETH, Sarah",MD,-0.373,0,0.0,0.0
CLARITY Act (crypto market structure),crypto,"MCCLAIN DELANEY, April",MD,-0.29,1,0.0,516368.0
CLARITY Act (crypto market structure),crypto,"OLSZEWSKI, Johnny, Jr.",MD,-0.378,0,0.0,0.0
CLARITY Act (crypto market structure),crypto,"NEAL, Richard Edmund",MA,-0.417,0,0.0,0.0
CLARITY Act (crypto market structure),crypto,"LYNCH, Stephen F.",MA,-0.342,0,0.0,0.0
CLARITY Act (crypto market structure),crypto,"KEATING, William R.",MA,-0.329,0,0.0,0.0
CLARITY Act (crypto market structure),crypto,"CLARK, Katherine M.",MA,-0.478,0,0.0,22500.0
CLARITY Act (crypto market structure),crypto,"MOULTON, Seth",MA,-0.286,1,0.0,24499.0
CLARITY Act (crypto market structure),crypto,"PRESSLEY, Ayanna",MA,-0.375,0,0.0,250.0
CLARITY Act (crypto market structure),crypto,"TRAHAN, Lori",MA,-0.416,0,0.0,0.0
CLARITY Act (crypto market structure),crypto,"AUCHINCLOSS, Jake",MA,-0.272,1,0.0,214024.0
CLARITY Act (crypto market structure),crypto,"McGOVERN, James P.",MA,-0.538,0,0.0,0.0
CLARITY Act (crypto market structure),crypto,"DINGELL, Debbie",MI,-0.397,0,0.0,0.0
CLARITY Act (crypto market structure),crypto,"STEVENS, Haley",MI,-0.361,1,0.0,8500.0
CLARITY Act (crypto market structure),crypto,"TLAIB, Rashida",MI,-0.29,0,0.0,0.0
CLARITY Act (crypto market structure),crypto,"SCHOLTEN, Hillary",MI,-0.261,1,0.0,0.0
CLARITY Act (crypto market structure),crypto,"THANEDAR, Shri",MI,-0.35,1,0.0,1761655.0
CLARITY Act (crypto market structure),crypto,"MCDONALD RIVET, Kristen",MI,-0.244,1,8500.0,21999.0
CLARITY Act (crypto market structure),crypto,"MCCOLLUM, Betty",MN,-0.419,0,0.0,0.0
CLARITY Act (crypto market structure),crypto,"CRAIG, Angela",MN,-0.273,1,34266.0,91000.0
CLARITY Act (crypto market structure),crypto,"OMAR, Ilhan",MN,-0.296,0,0.0,0.0
CLARITY Act (crypto market structure),crypto,"MORRISON, Kelly",MN,-0.347,0,0.0,0.0
CLARITY Act (crypto market structure),crypto,"THOMPSON, Bennie",MS,-0.52,0,0.0,0.0
CLARITY Act (crypto market structure),crypto,"CLEAVER, Emanuel, II",MO,-0.454,0,0.0,0.0
CLARITY Act (crypto market structure),crypto,"BELL, Wesley",MO,-0.455,0,0.0,0.0
CLARITY Act (crypto market structure),crypto,"TITUS, Alice (Dina)",NV,-0.296,0,0.0,0.0
CLARITY Act (crypto market structure),crypto,"HORSFORD, Steven",NV,-0.311,1,19500.0,20583.0
CLARITY Act (crypto market structure),crypto,"LEE, Susie",NV,-0.225,1,0.0,9750.0
CLARITY Act (crypto market structure),crypto,"PAPPAS, Chris",NH,-0.233,1,0.0,8000.0
CLARITY Act (crypto market structure),crypto,"GOODLANDER, Maggie",NH,-0.21,1,9000.0,4000.0
CLARITY Act (crypto market structure),crypto,"PALLONE, Frank, Jr.",NJ,-0.403,0,0.0,0.0
CLARITY Act (crypto market structure),crypto,"NORCROSS, Donald",NJ,-0.421,0,0.0,0.0
CLARITY Act (crypto market structure),crypto,"WATSON COLEMAN, Bonnie",NJ,-0.592,0,0.0,0.0
CLARITY Act (crypto market structure),crypto,"GOTTHEIMER, Josh S.",NJ,-0.165,1,14000.0,30000.0
CLARITY Act (crypto market structure),crypto,"SHERRILL, Mikie",NJ,-0.234,1,0.0,0.0
CLARITY Act (crypto market structure),crypto,"MENENDEZ, Robert",NJ,-0.508,1,0.0,262963.0
CLARITY Act (crypto market structure),crypto,"MCIVER, LaMonica",NJ,-0.539,0,1000.0,0.0
CLARITY Act (crypto market structure),crypto,"CONAWAY, Herbert C., Jr.",NJ,-0.299,1,0.0,0.0
CLARITY Act (crypto market structure),crypto,"POU, Nellie",NJ,-0.308,1,500.0,2750.0
CLARITY Act (crypto market structure),crypto,"LEGER FERNANDEZ, Teresa",NM,-0.366,0,0.0,0.0
CLARITY Act (crypto market structure),crypto,"STANSBURY, Melanie Ann",NM,-0.432,0,0.0,0.0
CLARITY Act (crypto market structure),crypto,"VASQUEZ, Gabriel",NM,-0.32,1,1500.0,13500.0
CLARITY Act (crypto market structure),crypto,"CLARKE, Yvette Diane",NY,-0.607,0,0.0,0.0
CLARITY Act (crypto market structure),crypto,"TONKO, Paul",NY,-0.416,0,0.0,0.0
CLARITY Act (crypto market structure),crypto,"MENG, Grace",NY,-0.371,0,1000.0,0.0
CLARITY Act (crypto market structure),crypto,"JEFFRIES, Hakeem",NY,-0.483,0,0.0,14000.0
CLARITY Act (crypto market structure),crypto,"ESPAILLAT, Adriano J.",NY,-0.526,0,250.0,0.0
CLARITY Act (crypto market structure),crypto,"SUOZZI, Thomas",NY,-0.213,1,0.0,5000.0
CLARITY Act (crypto market structure),crypto,"MORELLE, Joseph",NY,-0.331,0,0.0,0.0
CLARITY Act (crypto market structure),crypto,"OCASIO-CORTEZ, Alexandria",NY,-0.333,0,725.0,325.0
CLARITY Act (crypto market structure),crypto,"TORRES, Ritchie",NY,-0.311,1,20500.0,1434038.0
CLARITY Act (crypto market structure),crypto,"RYAN, Patrick",NY,-0.225,1,0.0,3500.0
CLARITY Act (crypto market structure),crypto,"GOLDMAN, Daniel",NY,-0.448,1,0.0,30500.0
CLARITY Act (crypto market structure),crypto,"KENNEDY, Timothy M.",NY,-0.385,0,0.0,0.0
CLARITY Act (crypto market structure),crypto,"GILLEN, Laura",NY,-0.166,1,500.0,3000.0
CLARITY Act (crypto market structure),crypto,"LATIMER, George",NY,-0.402,1,0.0,2500.0
CLARITY Act (crypto market structure),crypto,"MANNION, John W.",NY,-0.238,1,0.0,500.0
CLARITY Act (crypto market structure),crypto,"RILEY, Josh",NY,-0.202,1,0.0,2250.0
CLARITY Act (crypto market structure),crypto,"NADLER, Jerrold Lewis",NY,-0.507,0,0.0,0.0
CLARITY Act (crypto market structure),crypto,"VELÁZQUEZ, Nydia M.",NY,-0.546,0,0.0,0.0
CLARITY Act (crypto market structure),crypto,"MEEKS, Gregory W.",NY,-0.415,0,0.0,2500.0
CLARITY Act (crypto market structure),crypto,"ADAMS, Alma",NC,-0.464,0,0.0,0.0
CLARITY Act (crypto market structure),crypto,"ROSS, Deborah K.",NC,-0.389,0,1250.0,0.0
CLARITY Act (crypto market structure),crypto,"DAVIS, Don",NC,-0.241,1,17300.0,4000.0
CLARITY Act (crypto market structure),crypto,"FOUSHEE, Valerie",NC,-0.5,0,0.0,0.0
CLARITY Act (crypto market structure),crypto,"KAPTUR, Marcia Carolyn (Marcy)",OH,-0.34,0,0.0,0.0
CLARITY Act (crypto market structure),crypto,"BEATTY, Joyce",OH,-0.441,0,0.0,0.0
CLARITY Act (crypto market structure),crypto,"BROWN, Shontel M.",OH,-0.476,0,0.0,0.0
CLARITY Act (crypto market structure),crypto,"LANDSMAN, Greg",OH,-0.226,1,0.0,4000.0
CLARITY Act (crypto market structure),crypto,"SYKES, Emilia",OH,-0.333,0,0.0,0.0
CLARITY Act (crypto market structure),crypto,"BONAMICI, Suzanne",OR,-0.401,0,0.0,0.0
CLARITY Act (crypto market structure),crypto,"HOYLE, Val",OR,-0.233,0,0.0,500.0
CLARITY Act (crypto market structure),crypto,"SALINAS, Andrea",OR,-0.227,0,0.0,500.0
CLARITY Act (crypto market structure),crypto,"BYNUM, Janelle S.",OR,-0.288,1,4000.0,20000.0
CLARITY Act (crypto market structure),crypto,"DEXTER, Maxine",OR,-0.459,0,0.0,0.0
CLARITY Act (crypto market structure),crypto,"BOYLE, Brendan Francis",PA,-0.379,1,0.0,0.0
CLARITY Act (crypto market structure),crypto,"EVANS, Dwight",PA,-0.473,0,0.0,0.0
CLARITY Act (crypto market structure),crypto,"SCANLON, Mary Gay",PA,-0.46,0,0.0,0.0
CLARITY Act (crypto market structure),crypto,"DEAN, Madeleine",PA,-0.436,0,0.0,0.0
CLARITY Act (crypto market structure),crypto,"HOULAHAN, Christina",PA,-0.258,1,0.0,0.0
CLARITY Act (crypto market structure),crypto,"DELUZIO, Chris",PA,-0.263,0,0.0,0.0
CLARITY Act (crypto market structure),crypto,"LEE, Summer",PA,-0.45,0,0.0,0.0
CLARITY Act (crypto market structure),crypto,"MAGAZINER, Seth",RI,-0.303,0,0.0,0.0
CLARITY Act (crypto market structure),crypto,"AMO, Gabe",RI,-0.426,0,0.0,0.0
CLARITY Act (crypto market structure),crypto,"CLYBURN, James Enos",SC,-0.466,0,0.0,0.0
CLARITY Act (crypto market structure),crypto,"COHEN, Stephen",TN,-0.388,0,0.0,0.0
CLARITY Act (crypto market structure),crypto,"GREEN, Al",TX,-0.448,0,0.0,0.0
CLARITY Act (crypto market structure),crypto,"CUELLAR, Henry",TX,-0.225,1,0.0,2500.0
CLARITY Act (crypto market structure),crypto,"CASTRO, Joaquin",TX,-0.403,0,0.0,0.0
CLARITY Act (crypto market structure),crypto,"VEASEY, Marc",TX,-0.409,1,0.0,0.0
CLARITY Act (crypto market structure),crypto,"GONZALEZ, Vicente, Jr.",TX,-0.385,1,0.0,3750.0
CLARITY Act (crypto market structure),crypto,"ESCOBAR, Veronica",TX,-0.466,0,0.0,0.0
CLARITY Act (crypto market structure),crypto,"FLETCHER, Elizabeth",TX,-0.546,0,0.0,0.0
CLARITY Act (crypto market structure),crypto,"GARCIA, Sylvia",TX,-0.764,0,0.0,0.0
CLARITY Act (crypto market structure),crypto,"CASAR, Greg",TX,-0.429,0,0.0,0.0
CLARITY Act (crypto market structure),crypto,"CROCKETT, Jasmine",TX,-0.495,0,0.0,1350.0
CLARITY Act (crypto market structure),crypto,"JOHNSON, Julie",TX,-0.353,1,0.0,0.0
CLARITY Act (crypto market structure),crypto,"DOGGETT, Lloyd Alton, II",TX,-0.403,0,0.0,0.0
CLARITY Act (crypto market structure),crypto,"BALINT, Becca",VT,-0.442,0,1000.0,1000.0
CLARITY Act (crypto market structure),crypto,"BEYER, Donald Sternoff Jr.",VA,-0.392,0,0.0,0.0
CLARITY Act (crypto market structure),crypto,"MCCLELLAN, Jennifer",VA,-0.555,0,0.0,0.0
CLARITY Act (crypto market structure),crypto,"SUBRAMANYAM, Suhas",VA,-0.238,1,0.0,0.0
CLARITY Act (crypto market structure),crypto,"VINDMAN, Eugene Simon",VA,-0.174,1,1000.0,2500.0
CLARITY Act (crypto market structure),crypto,"SCOTT, Robert C.",VA,-0.45,0,0.0,0.0
CLARITY Act (crypto market structure),crypto,"LARSEN, Richard Ray (Rick)",WA,-0.365,0,0.0,0.0
CLARITY Act (crypto market structure),crypto,"JAYAPAL, Pramila",WA,-0.607,0,0.0,0.0
CLARITY Act (crypto market structure),crypto,"SCHRIER, Kim",WA,-0.275,1,0.0,105040.0
CLARITY Act (crypto market structure),crypto,"STRICKLAND, Marilyn",WA,-0.443,1,3758.0,104020.0
CLARITY Act (crypto market structure),crypto,"PEREZ, Marie Gluesenkamp",WA,-0.099,1,0.0,8000.0
CLARITY Act (crypto market structure),crypto,"RANDALL, Emily",WA,-0.572,0,1000.0,0.0
CLARITY Act (crypto market structure),crypto,"SMITH, Adam",WA,-0.291,0,0.0,14000.0
CLARITY Act (crypto market structure),crypto,"DELBENE, Suzan K.",WA,-0.296,1,0.0,115120.0
CLARITY Act (crypto market structure),crypto,"MOORE, Gwendolynne S. (Gwen)",WI,-0.52,0,0.0,500.0
CLARITY Act (crypto market structure),crypto,"POCAN, Mark",WI,-0.521,0,0.0,0.0
GENIUS Act (stablecoins),crypto,"SEWELL, Terri",AL,-0.402,1,500.0,0.0
GENIUS Act (stablecoins),crypto,"FIGURES, Shomari",AL,-0.411,1,1500.0,9000.0
GENIUS Act (stablecoins),crypto,"STANTON, Greg",AZ,-0.281,1,0.0,157560.0
GENIUS Act (stablecoins),crypto,"ANSARI, Yassamin",AZ,-0.428,0,0.0,0.0
GENIUS Act (stablecoins),crypto,"PELOSI, Nancy",CA,-0.489,1,0.0,0.0
GENIUS Act (stablecoins),crypto,"SÁNCHEZ, Linda T.",CA,-0.507,0,0.0,0.0
GENIUS Act (stablecoins),crypto,"COSTA, Jim",CA,-0.199,1,0.0,0.0
GENIUS Act (stablecoins),crypto,"MATSUI, Doris",CA,-0.433,1,0.0,0.0
GENIUS Act (stablecoins),crypto,"CHU, Judy",CA,-0.479,0,0.0,0.0
GENIUS Act (stablecoins),crypto,"GARAMENDI, John",CA,-0.312,0,0.0,0.0
GENIUS Act (stablecoins),crypto,"HUFFMAN, Jared",CA,-0.432,0,500.0,250.0
GENIUS Act (stablecoins),crypto,"BERA, Ami",CA,-0.247,1,0.0,0.0
GENIUS Act (stablecoins),crypto,"SWALWELL, Eric",CA,-0.355,1,0.0,0.0
GENIUS Act (stablecoins),crypto,"BROWNLEY, Julia",CA,-0.306,1,0.0,0.0
GENIUS Act (stablecoins),crypto,"RUIZ, Raul",CA,-0.262,1,0.0,10000.0
GENIUS Act (stablecoins),crypto,"TAKANO, Mark",CA,-0.457,0,0.0,0.0
GENIUS Act (stablecoins),crypto,"VARGAS, Juan",CA,-0.396,0,0.0,0.0
GENIUS Act (stablecoins),crypto,"PETERS, Scott",CA,-0.194,1,0.0,0.0
GENIUS Act (stablecoins),crypto,"DESAULNIER, Mark James",CA,-0.507,0,0.0,0.0
GENIUS Act (stablecoins),crypto,"AGUILAR, Peter Rey",CA,-0.328,1,3500.0,18500.0
GENIUS Act (stablecoins),crypto,"LIEU, Ted",CA,-0.37,1,2000.0,106346.0
GENIUS Act (stablecoins),crypto,"TORRES, Norma Judith",CA,-0.366,0,0.0,0.0
GENIUS Act (stablecoins),crypto,"BARRAGÁN, Nanette Diaz",CA,-0.497,0,0.0,0.0
GENIUS Act (stablecoins),crypto,"CARBAJAL, Salud",CA,-0.323,1,0.0,0.0
GENIUS Act (stablecoins),crypto,"CORREA, Jose Luis",CA,-0.285,1,0.0,107386.0
GENIUS Act (stablecoins),crypto,"KHANNA, Ro",CA,-0.458,1,40500.0,31500.0
GENIUS Act (stablecoins),crypto,"PANETTA, James Varni",CA,-0.279,1,1000.0,15500.0
GENIUS Act (stablecoins),crypto,"GOMEZ, Jimmy",CA,-0.532,1,0.0,10000.0
GENIUS Act (stablecoins),crypto,"CISNEROS, Gil",CA,-0.457,0,0.0,0.0
GENIUS Act (stablecoins),crypto,"HARDER, Josh",CA,-0.295,1,0.0,2000.0
GENIUS Act (stablecoins),crypto,"LEVIN, Mike",CA,-0.323,1,625.0,775.0
GENIUS Act (stablecoins),crypto,"JACOBS, Sara",CA,-0.419,0,0.0,0.0
GENIUS Act (stablecoins),crypto,"GARCIA, Robert",CA,-0.373,1,0.0,1000.0
GENIUS Act (stablecoins),crypto,"KAMLAGER-DOVE, Sydney",CA,-0.519,1,3500.0,500.0
GENIUS Act (stablecoins),crypto,"MULLIN, Kevin",CA,-0.479,0,0.0,0.0
GENIUS Act (stablecoins),crypto,"FRIEDMAN, Laura",CA,-0.356,0,0.0,0.0
GENIUS Act (stablecoins),crypto,"GRAY, Adam",CA,-0.235,1,1000.0,2750.0
GENIUS Act (stablecoins),crypto,"LICCARDO, Sam T.",CA,-0.346,1,38000.0,6500.0
GENIUS Act (stablecoins),crypto,"MIN, Dave",CA,-0.207,1,0.0,110438.0
GENIUS Act (stablecoins),crypto,"RIVAS, Luz M.",CA,-0.521,0,0.0,0.0
GENIUS Act (stablecoins),crypto,"SIMON, Lateefah",CA,-0.603,0,0.0,111598.0
GENIUS Act (stablecoins),crypto,"TRAN, Derek",CA,-0.233,1,1505.0,8500.0
GENIUS Act (stablecoins),crypto,"WHITESIDES, George",CA,-0.204,1,1250.0,493424.0
GENIUS Act (stablecoins),crypto,"WATERS, Maxine",CA,-0.656,0,0.0,3300.0
GENIUS Act (stablecoins),crypto,"LOFGREN, Zoe",CA,-0.396,1,0.0,130274.0
GENIUS Act (stablecoins),crypto,"SHERMAN, Brad",CA,-0.345,0,0.0,5000.0
GENIUS Act (stablecoins),crypto,"THOMPSON, Michael",CA,-0.392,1,0.0,0.0
GENIUS Act (stablecoins),crypto,"CROW, Jason",CO,-0.361,0,0.0,0.0
GENIUS Act (stablecoins),crypto,"NEGUSE, Joseph",CO,-0.431,0,1250.0,0.0
GENIUS Act (stablecoins),crypto,"PETTERSEN, Brittany",CO,-0.376,1,9500.0,2500.0
GENIUS Act (stablecoins),crypto,"DEGETTE, Diana",CO,-0.431,0,0.0,0.0
GENIUS Act (stablecoins),crypto,"COURTNEY, Joe",CT,-0.336,0,0.0,0.0
GENIUS Act (stablecoins),crypto,"HIMES, James A.",CT,-0.241,1,8300.0,2500.0
GENIUS Act (stablecoins),crypto,"HAYES, Jahana",CT,-0.341,0,0.0,0.0
GENIUS Act (stablecoins),crypto,"DeLAURO, Rosa L.",CT,-0.414,0,0.0,0.0
GENIUS Act (stablecoins),crypto,"LARSON, John B.",CT,-0.396,0,0.0,0.0
GENIUS Act (stablecoins),crypto,"MCBRIDE, Sarah",DE,-0.267,0,0.0,1000.0
GENIUS Act (stablecoins),crypto,"WASSERMAN SCHULTZ, Debbie",FL,-0.412,1,0.0,0.0
GENIUS Act (stablecoins),crypto,"CASTOR, Kathy",FL,-0.434,0,0.0,3000.0
GENIUS Act (stablecoins),crypto,"WILSON, Frederica",FL,-0.476,0,0.0,0.0
GENIUS Act (stablecoins),crypto,"FRANKEL, Lois",FL,-0.394,1,0.0,151713.0
GENIUS Act (stablecoins),crypto,"SOTO, Darren Michael",FL,-0.339,1,0.0,7000.0
GENIUS Act (stablecoins),crypto,"CHERFILUS-MCCORMICK, Sheila",FL,-0.429,1,0.0,0.0
GENIUS Act (stablecoins),crypto,"FROST, Maxwell",FL,-0.442,0,0.0,0.0
GENIUS Act (stablecoins),crypto,"MOSKOWITZ, Jared",FL,-0.227,1,0.0,0.0
GENIUS Act (stablecoins),crypto,"SCOTT, David",GA,-0.305,0,0.0,0.0
GENIUS Act (stablecoins),crypto,"JOHNSON, Hank",GA,-0.479,0,0.0,0.0
GENIUS Act (stablecoins),crypto,"McBATH, Lucy",GA,-0.371,1,0.0,0.0
GENIUS Act (stablecoins),crypto,"WILLIAMS, Nikema",GA,-0.442,0,0.0,0.0
GENIUS Act (stablecoins),crypto,"BISHOP, Sanford Dixon, Jr.",GA,-0.289,0,0.0,0.0
GENIUS Act (stablecoins),crypto,"CASE, Ed",HI,-0.208,0,0.0,0.0
GENIUS Act (stablecoins),crypto,"TOKUDA, Jill",HI,-0.455,0,0.0,0.0
GENIUS Act (stablecoins),crypto,"FOSTER, Bill",IL,-0.238,0,0.0,0.0
GENIUS Act (stablecoins),crypto,"QUIGLEY, Mike",IL,-0.324,1,250.0,0.0
GENIUS Act (stablecoins),crypto,"SCHNEIDER, Brad",IL,-0.199,1,9000.0,4000.0
GENIUS Act (stablecoins),crypto,"KELLY, Robin L.",IL,-0.474,1,0.0,285008.0
GENIUS Act (stablecoins),crypto,"KRISHNAMOORTHI, S. Raja",IL,-0.349,1,7000.0,70220.0
GENIUS Act (stablecoins),crypto,"CASTEN, Sean",IL,-0.625,0,0.0,0.0
GENIUS Act (stablecoins),crypto,"GARCÍA, Jesús",IL,-0.439,0,0.0,0.0
GENIUS Act (stablecoins),crypto,"UNDERWOOD, Lauren",IL,-0.597,0,0.0,0.0
GENIUS Act (stablecoins),crypto,"BUDZINSKI, Nikki",IL,-0.317,1,10000.0,97360.0
GENIUS Act (stablecoins),crypto,"JACKSON, Jonathan",IL,-0.349,1,0.0,2500.0
GENIUS Act (stablecoins),crypto,"RAMIREZ, Delia",IL,-0.496,0,0.0,0.0
GENIUS Act (stablecoins),crypto,"SORENSEN, Eric",IL,-0.24,1,1000.0,9000.0
GENIUS Act (stablecoins),crypto,"DAVIS, Danny K.",IL,-0.487,0,0.0,0.0
GENIUS Act (stablecoins),crypto,"SCHAKOWSKY, Janice D.",IL,-0.602,0,0.0,0.0
GENIUS Act (stablecoins),crypto,"CARSON, André",IN,-0.434,0,0.0,0.0
GENIUS Act (stablecoins),crypto,"MRVAN, Frank J.",IN,-0.299,0,0.0,0.0
GENIUS Act (stablecoins),crypto,"DAVIDS, Sharice",KS,-0.265,0,0.0,2000.0
GENIUS Act (stablecoins),crypto,"MCGARVEY, Morgan",KY,-0.486,1,0.0,0.0
GENIUS Act (stablecoins),crypto,"CARTER, Troy",LA,-0.521,0,0.0,1000.0
GENIUS Act (stablecoins),crypto,"FIELDS, Cleo",LA,-0.457,1,0.0,0.0
GENIUS Act (stablecoins),crypto,"PINGREE, Chellie",ME,-0.421,0,0.0,0.0
GENIUS Act (stablecoins),crypto,"GOLDEN, Jared",ME,-0.106,1,0.0,0.0
GENIUS Act (stablecoins),crypto,"HOYER, Steny Hamilton",MD,-0.381,0,0.0,0.0
GENIUS Act (stablecoins),crypto,"MFUME, Kweisi",MD,-0.441,0,0.0,0.0
GENIUS Act (stablecoins),crypto,"RASKIN, Jamie Ben",MD,-0.494,0,0.0,0.0
GENIUS Act (stablecoins),crypto,"IVEY, Glenn",MD,-0.466,0,0.0,500.0
GENIUS Act (stablecoins),crypto,"ELFRETH, Sarah",MD,-0.373,0,0.0,0.0
GENIUS Act (stablecoins),crypto,"MCCLAIN DELANEY, April",MD,-0.29,1,0.0,516368.0
GENIUS Act (stablecoins),crypto,"OLSZEWSKI, Johnny, Jr.",MD,-0.378,1,0.0,0.0
GENIUS Act (stablecoins),crypto,"NEAL, Richard Edmund",MA,-0.417,0,0.0,0.0
GENIUS Act (stablecoins),crypto,"LYNCH, Stephen F.",MA,-0.342,0,0.0,0.0
GENIUS Act (stablecoins),crypto,"KEATING, William R.",MA,-0.329,0,0.0,0.0
GENIUS Act (stablecoins),crypto,"CLARK, Katherine M.",MA,-0.478,1,0.0,22500.0
GENIUS Act (stablecoins),crypto,"MOULTON, Seth",MA,-0.286,1,0.0,24499.0
GENIUS Act (stablecoins),crypto,"PRESSLEY, Ayanna",MA,-0.375,0,0.0,250.0
GENIUS Act (stablecoins),crypto,"TRAHAN, Lori",MA,-0.416,1,0.0,0.0
GENIUS Act (stablecoins),crypto,"AUCHINCLOSS, Jake",MA,-0.272,0,0.0,214024.0
GENIUS Act (stablecoins),crypto,"McGOVERN, James P.",MA,-0.538,0,0.0,0.0
GENIUS Act (stablecoins),crypto,"DINGELL, Debbie",MI,-0.397,0,0.0,0.0
GENIUS Act (stablecoins),crypto,"STEVENS, Haley",MI,-0.361,1,0.0,8500.0
GENIUS Act (stablecoins),crypto,"TLAIB, Rashida",MI,-0.29,0,0.0,0.0
GENIUS Act (stablecoins),crypto,"SCHOLTEN, Hillary",MI,-0.261,1,0.0,0.0
GENIUS Act (stablecoins),crypto,"THANEDAR, Shri",MI,-0.35,1,0.0,1761655.0
GENIUS Act (stablecoins),crypto,"MCDONALD RIVET, Kristen",MI,-0.244,1,8500.0,21999.0
GENIUS Act (stablecoins),crypto,"MCCOLLUM, Betty",MN,-0.419,0,0.0,0.0
GENIUS Act (stablecoins),crypto,"CRAIG, Angela",MN,-0.273,1,34266.0,91000.0
GENIUS Act (stablecoins),crypto,"OMAR, Ilhan",MN,-0.296,0,0.0,0.0
GENIUS Act (stablecoins),crypto,"MORRISON, Kelly",MN,-0.347,0,0.0,0.0
GENIUS Act (stablecoins),crypto,"THOMPSON, Bennie",MS,-0.52,0,0.0,0.0
GENIUS Act (stablecoins),crypto,"CLEAVER, Emanuel, II",MO,-0.454,0,0.0,0.0
GENIUS Act (stablecoins),crypto,"BELL, Wesley",MO,-0.455,1,0.0,0.0
GENIUS Act (stablecoins),crypto,"TITUS, Alice (Dina)",NV,-0.296,1,0.0,0.0
GENIUS Act (stablecoins),crypto,"HORSFORD, Steven",NV,-0.311,1,19500.0,20583.0
GENIUS Act (stablecoins),crypto,"LEE, Susie",NV,-0.225,1,0.0,9750.0
GENIUS Act (stablecoins),crypto,"PAPPAS, Chris",NH,-0.233,1,0.0,8000.0
GENIUS Act (stablecoins),crypto,"GOODLANDER, Maggie",NH,-0.21,1,9000.0,4000.0
GENIUS Act (stablecoins),crypto,"PALLONE, Frank, Jr.",NJ,-0.403,0,0.0,0.0
GENIUS Act (stablecoins),crypto,"NORCROSS, Donald",NJ,-0.421,0,0.0,0.0
GENIUS Act (stablecoins),crypto,"WATSON COLEMAN, Bonnie",NJ,-0.592,0,0.0,0.0
GENIUS Act (stablecoins),crypto,"GOTTHEIMER, Josh S.",NJ,-0.165,1,14000.0,30000.0
GENIUS Act (stablecoins),crypto,"SHERRILL, Mikie",NJ,-0.234,1,0.0,0.0
GENIUS Act (stablecoins),crypto,"MENENDEZ, Robert",NJ,-0.508,1,0.0,262963.0
GENIUS Act (stablecoins),crypto,"MCIVER, LaMonica",NJ,-0.539,0,1000.0,0.0
GENIUS Act (stablecoins),crypto,"CONAWAY, Herbert C., Jr.",NJ,-0.299,1,0.0,0.0
GENIUS Act (stablecoins),crypto,"POU, Nellie",NJ,-0.308,1,500.0,2750.0
GENIUS Act (stablecoins),crypto,"LEGER FERNANDEZ, Teresa",NM,-0.366,0,0.0,0.0
GENIUS Act (stablecoins),crypto,"STANSBURY, Melanie Ann",NM,-0.432,0,0.0,0.0
GENIUS Act (stablecoins),crypto,"VASQUEZ, Gabriel",NM,-0.32,1,1500.0,13500.0
GENIUS Act (stablecoins),crypto,"CLARKE, Yvette Diane",NY,-0.607,0,0.0,0.0
GENIUS Act (stablecoins),crypto,"TONKO, Paul",NY,-0.416,0,0.0,0.0
GENIUS Act (stablecoins),crypto,"MENG, Grace",NY,-0.371,1,1000.0,0.0
GENIUS Act (stablecoins),crypto,"JEFFRIES, Hakeem",NY,-0.483,1,0.0,14000.0
GENIUS Act (stablecoins),crypto,"ESPAILLAT, Adriano J.",NY,-0.526,1,250.0,0.0
GENIUS Act (stablecoins),crypto,"SUOZZI, Thomas",NY,-0.213,1,0.0,5000.0
GENIUS Act (stablecoins),crypto,"MORELLE, Joseph",NY,-0.331,0,0.0,0.0
GENIUS Act (stablecoins),crypto,"OCASIO-CORTEZ, Alexandria",NY,-0.333,0,725.0,325.0
GENIUS Act (stablecoins),crypto,"TORRES, Ritchie",NY,-0.311,1,20500.0,1434038.0
GENIUS Act (stablecoins),crypto,"RYAN, Patrick",NY,-0.225,1,0.0,3500.0
GENIUS Act (stablecoins),crypto,"GOLDMAN, Daniel",NY,-0.448,1,0.0,30500.0
GENIUS Act (stablecoins),crypto,"KENNEDY, Timothy M.",NY,-0.385,1,0.0,0.0
GENIUS Act (stablecoins),crypto,"GILLEN, Laura",NY,-0.166,1,500.0,3000.0
GENIUS Act (stablecoins),crypto,"LATIMER, George",NY,-0.402,1,0.0,2500.0
GENIUS Act (stablecoins),crypto,"MANNION, John W.",NY,-0.238,1,0.0,500.0
GENIUS Act (stablecoins),crypto,"RILEY, Josh",NY,-0.202,1,0.0,2250.0
GENIUS Act (stablecoins),crypto,"NADLER, Jerrold Lewis",NY,-0.507,0,0.0,0.0
GENIUS Act (stablecoins),crypto,"VELÁZQUEZ, Nydia M.",NY,-0.546,0,0.0,0.0
GENIUS Act (stablecoins),crypto,"MEEKS, Gregory W.",NY,-0.415,1,0.0,2500.0
GENIUS Act (stablecoins),crypto,"ADAMS, Alma",NC,-0.464,0,0.0,0.0
GENIUS Act (stablecoins),crypto,"ROSS, Deborah K.",NC,-0.389,0,1250.0,0.0
GENIUS Act (stablecoins),crypto,"DAVIS, Don",NC,-0.241,1,17300.0,4000.0
GENIUS Act (stablecoins),crypto,"FOUSHEE, Valerie",NC,-0.5,0,0.0,0.0
GENIUS Act (stablecoins),crypto,"KAPTUR, Marcia Carolyn (Marcy)",OH,-0.34,0,0.0,0.0
GENIUS Act (stablecoins),crypto,"BEATTY, Joyce",OH,-0.441,0,0.0,0.0
GENIUS Act (stablecoins),crypto,"BROWN, Shontel M.",OH,-0.476,0,0.0,0.0
GENIUS Act (stablecoins),crypto,"LANDSMAN, Greg",OH,-0.226,1,0.0,4000.0
GENIUS Act (stablecoins),crypto,"SYKES, Emilia",OH,-0.333,1,0.0,0.0
GENIUS Act (stablecoins),crypto,"BONAMICI, Suzanne",OR,-0.401,0,0.0,0.0
GENIUS Act (stablecoins),crypto,"HOYLE, Val",OR,-0.233,0,0.0,500.0
GENIUS Act (stablecoins),crypto,"SALINAS, Andrea",OR,-0.227,0,0.0,500.0
GENIUS Act (stablecoins),crypto,"BYNUM, Janelle S.",OR,-0.288,1,4000.0,20000.0
GENIUS Act (stablecoins),crypto,"DEXTER, Maxine",OR,-0.459,0,0.0,0.0
GENIUS Act (stablecoins),crypto,"BOYLE, Brendan Francis",PA,-0.379,1,0.0,0.0
GENIUS Act (stablecoins),crypto,"EVANS, Dwight",PA,-0.473,0,0.0,0.0
GENIUS Act (stablecoins),crypto,"SCANLON, Mary Gay",PA,-0.46,0,0.0,0.0
GENIUS Act (stablecoins),crypto,"DEAN, Madeleine",PA,-0.436,0,0.0,0.0
GENIUS Act (stablecoins),crypto,"HOULAHAN, Christina",PA,-0.258,1,0.0,0.0
GENIUS Act (stablecoins),crypto,"DELUZIO, Chris",PA,-0.263,0,0.0,0.0
GENIUS Act (stablecoins),crypto,"LEE, Summer",PA,-0.45,0,0.0,0.0
GENIUS Act (stablecoins),crypto,"MAGAZINER, Seth",RI,-0.303,1,0.0,0.0
GENIUS Act (stablecoins),crypto,"AMO, Gabe",RI,-0.426,1,0.0,0.0
GENIUS Act (stablecoins),crypto,"CLYBURN, James Enos",SC,-0.466,0,0.0,0.0
GENIUS Act (stablecoins),crypto,"COHEN, Stephen",TN,-0.388,0,0.0,0.0
GENIUS Act (stablecoins),crypto,"GREEN, Al",TX,-0.448,0,0.0,0.0
GENIUS Act (stablecoins),crypto,"CUELLAR, Henry",TX,-0.225,1,0.0,2500.0
GENIUS Act (stablecoins),crypto,"CASTRO, Joaquin",TX,-0.403,0,0.0,0.0
GENIUS Act (stablecoins),crypto,"VEASEY, Marc",TX,-0.409,1,0.0,0.0
GENIUS Act (stablecoins),crypto,"GONZALEZ, Vicente, Jr.",TX,-0.385,1,0.0,3750.0
GENIUS Act (stablecoins),crypto,"ESCOBAR, Veronica",TX,-0.466,0,0.0,0.0
GENIUS Act (stablecoins),crypto,"FLETCHER, Elizabeth",TX,-0.546,0,0.0,0.0
GENIUS Act (stablecoins),crypto,"GARCIA, Sylvia",TX,-0.764,0,0.0,0.0
GENIUS Act (stablecoins),crypto,"CASAR, Greg",TX,-0.429,0,0.0,0.0
GENIUS Act (stablecoins),crypto,"CROCKETT, Jasmine",TX,-0.495,1,0.0,1350.0
GENIUS Act (stablecoins),crypto,"JOHNSON, Julie",TX,-0.353,1,0.0,0.0
GENIUS Act (stablecoins),crypto,"DOGGETT, Lloyd Alton, II",TX,-0.403,0,0.0,0.0
GENIUS Act (stablecoins),crypto,"BALINT, Becca",VT,-0.442,0,1000.0,1000.0
GENIUS Act (stablecoins),crypto,"BEYER, Donald Sternoff Jr.",VA,-0.392,0,0.0,0.0
GENIUS Act (stablecoins),crypto,"MCCLELLAN, Jennifer",VA,-0.555,0,0.0,0.0
GENIUS Act (stablecoins),crypto,"SUBRAMANYAM, Suhas",VA,-0.238,1,0.0,0.0
GENIUS Act (stablecoins),crypto,"VINDMAN, Eugene Simon",VA,-0.174,1,1000.0,2500.0
GENIUS Act (stablecoins),crypto,"SCOTT, Robert C.",VA,-0.45,0,0.0,0.0
GENIUS Act (stablecoins),crypto,"LARSEN, Richard Ray (Rick)",WA,-0.365,1,0.0,0.0
GENIUS Act (stablecoins),crypto,"JAYAPAL, Pramila",WA,-0.607,0,0.0,0.0
GENIUS Act (stablecoins),crypto,"SCHRIER, Kim",WA,-0.275,1,0.0,105040.0
GENIUS Act (stablecoins),crypto,"STRICKLAND, Marilyn",WA,-0.443,1,3758.0,104020.0
GENIUS Act (stablecoins),crypto,"PEREZ, Marie Gluesenkamp",WA,-0.099,1,0.0,8000.0
GENIUS Act (stablecoins),crypto,"RANDALL, Emily",WA,-0.572,0,1000.0,0.0
GENIUS Act (stablecoins),crypto,"SMITH, Adam",WA,-0.291,0,0.0,14000.0
GENIUS Act (stablecoins),crypto,"DELBENE, Suzan K.",WA,-0.296,1,0.0,115120.0
GENIUS Act (stablecoins),crypto,"MOORE, Gwendolynne S. (Gwen)",WI,-0.52,0,0.0,500.0
GENIUS Act (stablecoins),crypto,"POCAN, Mark",WI,-0.521,0,0.0,0.0
Repeal IRS crypto-broker reporting rule,crypto,"SEWELL, Terri",AL,-0.402,0,0.0,500.0
Repeal IRS crypto-broker reporting rule,crypto,"FIGURES, Shomari",AL,-0.411,1,0.0,10500.0
Repeal IRS crypto-broker reporting rule,crypto,"STANTON, Greg",AZ,-0.281,1,0.0,157560.0
Repeal IRS crypto-broker reporting rule,crypto,"ANSARI, Yassamin",AZ,-0.428,1,0.0,0.0
Repeal IRS crypto-broker reporting rule,crypto,"PELOSI, Nancy",CA,-0.489,0,0.0,0.0
Repeal IRS crypto-broker reporting rule,crypto,"SÁNCHEZ, Linda T.",CA,-0.507,0,0.0,0.0
Repeal IRS crypto-broker reporting rule,crypto,"COSTA, Jim",CA,-0.199,1,0.0,0.0
Repeal IRS crypto-broker reporting rule,crypto,"MATSUI, Doris",CA,-0.433,0,0.0,0.0
Repeal IRS crypto-broker reporting rule,crypto,"CHU, Judy",CA,-0.479,0,0.0,0.0
Repeal IRS crypto-broker reporting rule,crypto,"GARAMENDI, John",CA,-0.312,0,0.0,0.0
Repeal IRS crypto-broker reporting rule,crypto,"HUFFMAN, Jared",CA,-0.432,0,0.0,750.0
Repeal IRS crypto-broker reporting rule,crypto,"BERA, Ami",CA,-0.247,0,0.0,0.0
Repeal IRS crypto-broker reporting rule,crypto,"SWALWELL, Eric",CA,-0.355,1,0.0,0.0
Repeal IRS crypto-broker reporting rule,crypto,"BROWNLEY, Julia",CA,-0.306,0,0.0,0.0
Repeal IRS crypto-broker reporting rule,crypto,"RUIZ, Raul",CA,-0.262,1,0.0,10000.0
Repeal IRS crypto-broker reporting rule,crypto,"VARGAS, Juan",CA,-0.396,0,0.0,0.0
Repeal IRS crypto-broker reporting rule,crypto,"PETERS, Scott",CA,-0.194,0,0.0,0.0
Repeal IRS crypto-broker reporting rule,crypto,"DESAULNIER, Mark James",CA,-0.507,0,0.0,0.0
Repeal IRS crypto-broker reporting rule,crypto,"AGUILAR, Peter Rey",CA,-0.328,1,0.0,22000.0
Repeal IRS crypto-broker reporting rule,crypto,"LIEU, Ted",CA,-0.37,1,0.0,108346.0
Repeal IRS crypto-broker reporting rule,crypto,"TORRES, Norma Judith",CA,-0.366,0,0.0,0.0
Repeal IRS crypto-broker reporting rule,crypto,"BARRAGÁN, Nanette Diaz",CA,-0.497,0,0.0,0.0
Repeal IRS crypto-broker reporting rule,crypto,"CARBAJAL, Salud",CA,-0.323,1,0.0,0.0
Repeal IRS crypto-broker reporting rule,crypto,"CORREA, Jose Luis",CA,-0.285,1,0.0,107386.0
Repeal IRS crypto-broker reporting rule,crypto,"KHANNA, Ro",CA,-0.458,1,8000.0,64000.0
Repeal IRS crypto-broker reporting rule,crypto,"PANETTA, James Varni",CA,-0.279,1,0.0,16500.0
Repeal IRS crypto-broker reporting rule,crypto,"GOMEZ, Jimmy",CA,-0.532,1,0.0,10000.0
Repeal IRS crypto-broker reporting rule,crypto,"CISNEROS, Gil",CA,-0.457,0,0.0,0.0
Repeal IRS crypto-broker reporting rule,crypto,"HARDER, Josh",CA,-0.295,1,0.0,2000.0
Repeal IRS crypto-broker reporting rule,crypto,"LEVIN, Mike",CA,-0.323,1,350.0,1050.0
Repeal IRS crypto-broker reporting rule,crypto,"JACOBS, Sara",CA,-0.419,0,0.0,0.0
Repeal IRS crypto-broker reporting rule,crypto,"GARCIA, Robert",CA,-0.373,1,0.0,1000.0
Repeal IRS crypto-broker reporting rule,crypto,"KAMLAGER-DOVE, Sydney",CA,-0.519,1,0.0,4000.0
Repeal IRS crypto-broker reporting rule,crypto,"MULLIN, Kevin",CA,-0.479,0,0.0,0.0
Repeal IRS crypto-broker reporting rule,crypto,"FRIEDMAN, Laura",CA,-0.356,1,0.0,0.0
Repeal IRS crypto-broker reporting rule,crypto,"GRAY, Adam",CA,-0.235,1,0.0,3750.0
Repeal IRS crypto-broker reporting rule,crypto,"LICCARDO, Sam T.",CA,-0.346,1,3500.0,41000.0
Repeal IRS crypto-broker reporting rule,crypto,"MIN, Dave",CA,-0.207,0,0.0,110438.0
Repeal IRS crypto-broker reporting rule,crypto,"RIVAS, Luz M.",CA,-0.521,0,0.0,0.0
Repeal IRS crypto-broker reporting rule,crypto,"SIMON, Lateefah",CA,-0.603,1,0.0,111598.0
Repeal IRS crypto-broker reporting rule,crypto,"TRAN, Derek",CA,-0.233,1,0.0,10005.0
Repeal IRS crypto-broker reporting rule,crypto,"WHITESIDES, George",CA,-0.204,1,0.0,494674.0
Repeal IRS crypto-broker reporting rule,crypto,"WATERS, Maxine",CA,-0.656,0,0.0,3300.0
Repeal IRS crypto-broker reporting rule,crypto,"SHERMAN, Brad",CA,-0.345,0,0.0,5000.0
Repeal IRS crypto-broker reporting rule,crypto,"THOMPSON, Michael",CA,-0.392,0,0.0,0.0
Repeal IRS crypto-broker reporting rule,crypto,"CROW, Jason",CO,-0.361,0,0.0,0.0
Repeal IRS crypto-broker reporting rule,crypto,"NEGUSE, Joseph",CO,-0.431,0,0.0,1250.0
Repeal IRS crypto-broker reporting rule,crypto,"PETTERSEN, Brittany",CO,-0.376,1,0.0,12000.0
Repeal IRS crypto-broker reporting rule,crypto,"DEGETTE, Diana",CO,-0.431,0,0.0,0.0
Repeal IRS crypto-broker reporting rule,crypto,"COURTNEY, Joe",CT,-0.336,0,0.0,0.0
Repeal IRS crypto-broker reporting rule,crypto,"HIMES, James A.",CT,-0.241,0,3300.0,7500.0
Repeal IRS crypto-broker reporting rule,crypto,"HAYES, Jahana",CT,-0.341,0,0.0,0.0
Repeal IRS crypto-broker reporting rule,crypto,"DeLAURO, Rosa L.",CT,-0.414,0,0.0,0.0
Repeal IRS crypto-broker reporting rule,crypto,"LARSON, John B.",CT,-0.396,0,0.0,0.0
Repeal IRS crypto-broker reporting rule,crypto,"MCBRIDE, Sarah",DE,-0.267,1,0.0,1000.0
Repeal IRS crypto-broker reporting rule,crypto,"WASSERMAN SCHULTZ, Debbie",FL,-0.412,0,0.0,0.0
Repeal IRS crypto-broker reporting rule,crypto,"CASTOR, Kathy",FL,-0.434,0,0.0,3000.0
Repeal IRS crypto-broker reporting rule,crypto,"WILSON, Frederica",FL,-0.476,0,0.0,0.0
Repeal IRS crypto-broker reporting rule,crypto,"FRANKEL, Lois",FL,-0.394,1,0.0,151713.0
Repeal IRS crypto-broker reporting rule,crypto,"SOTO, Darren Michael",FL,-0.339,1,0.0,7000.0
Repeal IRS crypto-broker reporting rule,crypto,"CHERFILUS-MCCORMICK, Sheila",FL,-0.429,0,0.0,0.0
Repeal IRS crypto-broker reporting rule,crypto,"FROST, Maxwell",FL,-0.442,0,0.0,0.0
Repeal IRS crypto-broker reporting rule,crypto,"MOSKOWITZ, Jared",FL,-0.227,1,0.0,0.0
Repeal IRS crypto-broker reporting rule,crypto,"SCOTT, David",GA,-0.305,0,0.0,0.0
Repeal IRS crypto-broker reporting rule,crypto,"JOHNSON, Hank",GA,-0.479,0,0.0,0.0
Repeal IRS crypto-broker reporting rule,crypto,"McBATH, Lucy",GA,-0.371,1,0.0,0.0
Repeal IRS crypto-broker reporting rule,crypto,"WILLIAMS, Nikema",GA,-0.442,0,0.0,0.0
Repeal IRS crypto-broker reporting rule,crypto,"BISHOP, Sanford Dixon, Jr.",GA,-0.289,0,0.0,0.0
Repeal IRS crypto-broker reporting rule,crypto,"CASE, Ed",HI,-0.208,0,0.0,0.0
Repeal IRS crypto-broker reporting rule,crypto,"TOKUDA, Jill",HI,-0.455,0,0.0,0.0
Repeal IRS crypto-broker reporting rule,crypto,"FOSTER, Bill",IL,-0.238,0,0.0,0.0
Repeal IRS crypto-broker reporting rule,crypto,"QUIGLEY, Mike",IL,-0.324,0,0.0,250.0
Repeal IRS crypto-broker reporting rule,crypto,"SCHNEIDER, Brad",IL,-0.199,1,0.0,13000.0
Repeal IRS crypto-broker reporting rule,crypto,"KELLY, Robin L.",IL,-0.474,0,0.0,285008.0
Repeal IRS crypto-broker reporting rule,crypto,"KRISHNAMOORTHI, S. Raja",IL,-0.349,1,0.0,77220.0
Repeal IRS crypto-broker reporting rule,crypto,"CASTEN, Sean",IL,-0.625,0,0.0,0.0
Repeal IRS crypto-broker reporting rule,crypto,"GARCÍA, Jesús",IL,-0.439,0,0.0,0.0
Repeal IRS crypto-broker reporting rule,crypto,"UNDERWOOD, Lauren",IL,-0.597,0,0.0,0.0
Repeal IRS crypto-broker reporting rule,crypto,"BUDZINSKI, Nikki",IL,-0.317,1,0.0,107360.0
Repeal IRS crypto-broker reporting rule,crypto,"JACKSON, Jonathan",IL,-0.349,1,0.0,2500.0
Repeal IRS crypto-broker reporting rule,crypto,"RAMIREZ, Delia",IL,-0.496,0,0.0,0.0
Repeal IRS crypto-broker reporting rule,crypto,"SORENSEN, Eric",IL,-0.24,1,0.0,10000.0
Repeal IRS crypto-broker reporting rule,crypto,"DAVIS, Danny K.",IL,-0.487,0,0.0,0.0
Repeal IRS crypto-broker reporting rule,crypto,"SCHAKOWSKY, Janice D.",IL,-0.602,0,0.0,0.0
Repeal IRS crypto-broker reporting rule,crypto,"CARSON, André",IN,-0.434,0,0.0,0.0
Repeal IRS crypto-broker reporting rule,crypto,"MRVAN, Frank J.",IN,-0.299,0,0.0,0.0
Repeal IRS crypto-broker reporting rule,crypto,"DAVIDS, Sharice",KS,-0.265,0,0.0,2000.0
Repeal IRS crypto-broker reporting rule,crypto,"MCGARVEY, Morgan",KY,-0.486,0,0.0,0.0
Repeal IRS crypto-broker reporting rule,crypto,"CARTER, Troy",LA,-0.521,0,0.0,1000.0
Repeal IRS crypto-broker reporting rule,crypto,"FIELDS, Cleo",LA,-0.457,1,0.0,0.0
Repeal IRS crypto-broker reporting rule,crypto,"PINGREE, Chellie",ME,-0.421,0,0.0,0.0
Repeal IRS crypto-broker reporting rule,crypto,"GOLDEN, Jared",ME,-0.106,0,0.0,0.0
Repeal IRS crypto-broker reporting rule,crypto,"HOYER, Steny Hamilton",MD,-0.381,0,0.0,0.0
Repeal IRS crypto-broker reporting rule,crypto,"MFUME, Kweisi",MD,-0.441,0,0.0,0.0
Repeal IRS crypto-broker reporting rule,crypto,"RASKIN, Jamie Ben",MD,-0.494,0,0.0,0.0
Repeal IRS crypto-broker reporting rule,crypto,"IVEY, Glenn",MD,-0.466,0,0.0,500.0
Repeal IRS crypto-broker reporting rule,crypto,"ELFRETH, Sarah",MD,-0.373,1,0.0,0.0
Repeal IRS crypto-broker reporting rule,crypto,"MCCLAIN DELANEY, April",MD,-0.29,1,0.0,516368.0
Repeal IRS crypto-broker reporting rule,crypto,"OLSZEWSKI, Johnny, Jr.",MD,-0.378,1,0.0,0.0
Repeal IRS crypto-broker reporting rule,crypto,"NEAL, Richard Edmund",MA,-0.417,0,0.0,0.0
Repeal IRS crypto-broker reporting rule,crypto,"LYNCH, Stephen F.",MA,-0.342,0,0.0,0.0
Repeal IRS crypto-broker reporting rule,crypto,"KEATING, William R.",MA,-0.329,0,0.0,0.0
Repeal IRS crypto-broker reporting rule,crypto,"CLARK, Katherine M.",MA,-0.478,0,0.0,22500.0
Repeal IRS crypto-broker reporting rule,crypto,"PRESSLEY, Ayanna",MA,-0.375,0,0.0,250.0
Repeal IRS crypto-broker reporting rule,crypto,"TRAHAN, Lori",MA,-0.416,0,0.0,0.0
Repeal IRS crypto-broker reporting rule,crypto,"AUCHINCLOSS, Jake",MA,-0.272,1,0.0,214024.0
Repeal IRS crypto-broker reporting rule,crypto,"McGOVERN, James P.",MA,-0.538,0,0.0,0.0
Repeal IRS crypto-broker reporting rule,crypto,"DINGELL, Debbie",MI,-0.397,0,0.0,0.0
Repeal IRS crypto-broker reporting rule,crypto,"STEVENS, Haley",MI,-0.361,1,0.0,8500.0
Repeal IRS crypto-broker reporting rule,crypto,"TLAIB, Rashida",MI,-0.29,0,0.0,0.0
Repeal IRS crypto-broker reporting rule,crypto,"SCHOLTEN, Hillary",MI,-0.261,1,0.0,0.0
Repeal IRS crypto-broker reporting rule,crypto,"THANEDAR, Shri",MI,-0.35,1,0.0,1761655.0
Repeal IRS crypto-broker reporting rule,crypto,"MCDONALD RIVET, Kristen",MI,-0.244,1,500.0,29999.0
Repeal IRS crypto-broker reporting rule,crypto,"MCCOLLUM, Betty",MN,-0.419,0,0.0,0.0
Repeal IRS crypto-broker reporting rule,crypto,"CRAIG, Angela",MN,-0.273,1,0.0,125266.0
Repeal IRS crypto-broker reporting rule,crypto,"OMAR, Ilhan",MN,-0.296,0,0.0,0.0
Repeal IRS crypto-broker reporting rule,crypto,"MORRISON, Kelly",MN,-0.347,0,0.0,0.0
Repeal IRS crypto-broker reporting rule,crypto,"THOMPSON, Bennie",MS,-0.52,0,0.0,0.0
Repeal IRS crypto-broker reporting rule,crypto,"CLEAVER, Emanuel, II",MO,-0.454,0,0.0,0.0
Repeal IRS crypto-broker reporting rule,crypto,"BELL, Wesley",MO,-0.455,0,0.0,0.0
Repeal IRS crypto-broker reporting rule,crypto,"TITUS, Alice (Dina)",NV,-0.296,0,0.0,0.0
Repeal IRS crypto-broker reporting rule,crypto,"HORSFORD, Steven",NV,-0.311,1,0.0,40083.0
Repeal IRS crypto-broker reporting rule,crypto,"LEE, Susie",NV,-0.225,1,0.0,9750.0
Repeal IRS crypto-broker reporting rule,crypto,"PAPPAS, Chris",NH,-0.233,1,0.0,8000.0
Repeal IRS crypto-broker reporting rule,crypto,"GOODLANDER, Maggie",NH,-0.21,1,750.0,12250.0
Repeal IRS crypto-broker reporting rule,crypto,"PALLONE, Frank, Jr.",NJ,-0.403,0,0.0,0.0
Repeal IRS crypto-broker reporting rule,crypto,"NORCROSS, Donald",NJ,-0.421,0,0.0,0.0
Repeal IRS crypto-broker reporting rule,crypto,"WATSON COLEMAN, Bonnie",NJ,-0.592,0,0.0,0.0
Repeal IRS crypto-broker reporting rule,crypto,"GOTTHEIMER, Josh S.",NJ,-0.165,1,0.0,44000.0
Repeal IRS crypto-broker reporting rule,crypto,"SHERRILL, Mikie",NJ,-0.234,1,0.0,0.0
Repeal IRS crypto-broker reporting rule,crypto,"MENENDEZ, Robert",NJ,-0.508,1,0.0,262963.0
Repeal IRS crypto-broker reporting rule,crypto,"MCIVER, LaMonica",NJ,-0.539,0,0.0,1000.0
Repeal IRS crypto-broker reporting rule,crypto,"POU, Nellie",NJ,-0.308,1,0.0,3250.0
Repeal IRS crypto-broker reporting rule,crypto,"LEGER FERNANDEZ, Teresa",NM,-0.366,0,0.0,0.0
Repeal IRS crypto-broker reporting rule,crypto,"STANSBURY, Melanie Ann",NM,-0.432,0,0.0,0.0
Repeal IRS crypto-broker reporting rule,crypto,"VASQUEZ, Gabriel",NM,-0.32,1,0.0,15000.0
Repeal IRS crypto-broker reporting rule,crypto,"CLARKE, Yvette Diane",NY,-0.607,0,0.0,0.0
Repeal IRS crypto-broker reporting rule,crypto,"TONKO, Paul",NY,-0.416,0,0.0,0.0
Repeal IRS crypto-broker reporting rule,crypto,"MENG, Grace",NY,-0.371,0,1000.0,0.0
Repeal IRS crypto-broker reporting rule,crypto,"JEFFRIES, Hakeem",NY,-0.483,0,0.0,14000.0
Repeal IRS crypto-broker reporting rule,crypto,"ESPAILLAT, Adriano J.",NY,-0.526,1,0.0,250.0
Repeal IRS crypto-broker reporting rule,crypto,"SUOZZI, Thomas",NY,-0.213,1,0.0,5000.0
Repeal IRS crypto-broker reporting rule,crypto,"MORELLE, Joseph",NY,-0.331,0,0.0,0.0
Repeal IRS crypto-broker reporting rule,crypto,"OCASIO-CORTEZ, Alexandria",NY,-0.333,0,0.0,1050.0
Repeal IRS crypto-broker reporting rule,crypto,"TORRES, Ritchie",NY,-0.311,1,0.0,1454538.0
Repeal IRS crypto-broker reporting rule,crypto,"RYAN, Patrick",NY,-0.225,1,0.0,3500.0
Repeal IRS crypto-broker reporting rule,crypto,"GOLDMAN, Daniel",NY,-0.448,1,0.0,30500.0
Repeal IRS crypto-broker reporting rule,crypto,"KENNEDY, Timothy M.",NY,-0.385,1,0.0,0.0
Repeal IRS crypto-broker reporting rule,crypto,"GILLEN, Laura",NY,-0.166,1,0.0,3500.0
Repeal IRS crypto-broker reporting rule,crypto,"LATIMER, George",NY,-0.402,1,0.0,2500.0
Repeal IRS crypto-broker reporting rule,crypto,"MANNION, John W.",NY,-0.238,1,0.0,500.0
Repeal IRS crypto-broker reporting rule,crypto,"RILEY, Josh",NY,-0.202,1,0.0,2250.0
Repeal IRS crypto-broker reporting rule,crypto,"NADLER, Jerrold Lewis",NY,-0.507,0,0.0,0.0
Repeal IRS crypto-broker reporting rule,crypto,"VELÁZQUEZ, Nydia M.",NY,-0.546,0,0.0,0.0
Repeal IRS crypto-broker reporting rule,crypto,"MEEKS, Gregory W.",NY,-0.415,1,0.0,2500.0
Repeal IRS crypto-broker reporting rule,crypto,"ADAMS, Alma",NC,-0.464,0,0.0,0.0
Repeal IRS crypto-broker reporting rule,crypto,"ROSS, Deborah K.",NC,-0.389,0,0.0,1250.0
Repeal IRS crypto-broker reporting rule,crypto,"DAVIS, Don",NC,-0.241,1,0.0,21300.0
Repeal IRS crypto-broker reporting rule,crypto,"FOUSHEE, Valerie",NC,-0.5,0,0.0,0.0
Repeal IRS crypto-broker reporting rule,crypto,"KAPTUR, Marcia Carolyn (Marcy)",OH,-0.34,0,0.0,0.0
Repeal IRS crypto-broker reporting rule,crypto,"BEATTY, Joyce",OH,-0.441,0,0.0,0.0
Repeal IRS crypto-broker reporting rule,crypto,"BROWN, Shontel M.",OH,-0.476,0,0.0,0.0
Repeal IRS crypto-broker reporting rule,crypto,"LANDSMAN, Greg",OH,-0.226,1,0.0,4000.0
Repeal IRS crypto-broker reporting rule,crypto,"SYKES, Emilia",OH,-0.333,1,0.0,0.0
Repeal IRS crypto-broker reporting rule,crypto,"BONAMICI, Suzanne",OR,-0.401,0,0.0,0.0
Repeal IRS crypto-broker reporting rule,crypto,"HOYLE, Val",OR,-0.233,0,0.0,500.0
Repeal IRS crypto-broker reporting rule,crypto,"SALINAS, Andrea",OR,-0.227,0,0.0,500.0
Repeal IRS crypto-broker reporting rule,crypto,"BYNUM, Janelle S.",OR,-0.288,1,500.0,23500.0
Repeal IRS crypto-broker reporting rule,crypto,"DEXTER, Maxine",OR,-0.459,0,0.0,0.0
Repeal IRS crypto-broker reporting rule,crypto,"BOYLE, Brendan Francis",PA,-0.379,1,0.0,0.0
Repeal IRS crypto-broker reporting rule,crypto,"EVANS, Dwight",PA,-0.473,0,0.0,0.0
Repeal IRS crypto-broker reporting rule,crypto,"SCANLON, Mary Gay",PA,-0.46,0,0.0,0.0
Repeal IRS crypto-broker reporting rule,crypto,"DEAN, Madeleine",PA,-0.436,0,0.0,0.0
Repeal IRS crypto-broker reporting rule,crypto,"HOULAHAN, Christina",PA,-0.258,0,0.0,0.0
Repeal IRS crypto-broker reporting rule,crypto,"DELUZIO, Chris",PA,-0.263,0,0.0,0.0
Repeal IRS crypto-broker reporting rule,crypto,"LEE, Summer",PA,-0.45,0,0.0,0.0
Repeal IRS crypto-broker reporting rule,crypto,"MAGAZINER, Seth",RI,-0.303,0,0.0,0.0
Repeal IRS crypto-broker reporting rule,crypto,"AMO, Gabe",RI,-0.426,1,0.0,0.0
Repeal IRS crypto-broker reporting rule,crypto,"CLYBURN, James Enos",SC,-0.466,0,0.0,0.0
Repeal IRS crypto-broker reporting rule,crypto,"COHEN, Stephen",TN,-0.388,0,0.0,0.0
Repeal IRS crypto-broker reporting rule,crypto,"GREEN, Al",TX,-0.448,0,0.0,0.0
Repeal IRS crypto-broker reporting rule,crypto,"CUELLAR, Henry",TX,-0.225,1,0.0,2500.0
Repeal IRS crypto-broker reporting rule,crypto,"CASTRO, Joaquin",TX,-0.403,0,0.0,0.0
Repeal IRS crypto-broker reporting rule,crypto,"VEASEY, Marc",TX,-0.409,1,0.0,0.0
Repeal IRS crypto-broker reporting rule,crypto,"GONZALEZ, Vicente, Jr.",TX,-0.385,0,0.0,3750.0
Repeal IRS crypto-broker reporting rule,crypto,"ESCOBAR, Veronica",TX,-0.466,0,0.0,0.0
Repeal IRS crypto-broker reporting rule,crypto,"FLETCHER, Elizabeth",TX,-0.546,0,0.0,0.0
Repeal IRS crypto-broker reporting rule,crypto,"GARCIA, Sylvia",TX,-0.764,0,0.0,0.0
Repeal IRS crypto-broker reporting rule,crypto,"CASAR, Greg",TX,-0.429,0,0.0,0.0
Repeal IRS crypto-broker reporting rule,crypto,"CROCKETT, Jasmine",TX,-0.495,0,0.0,1350.0
Repeal IRS crypto-broker reporting rule,crypto,"JOHNSON, Julie",TX,-0.353,1,0.0,0.0
Repeal IRS crypto-broker reporting rule,crypto,"DOGGETT, Lloyd Alton, II",TX,-0.403,0,0.0,0.0
Repeal IRS crypto-broker reporting rule,crypto,"BALINT, Becca",VT,-0.442,0,1000.0,1000.0
Repeal IRS crypto-broker reporting rule,crypto,"CONNOLLY, Gerald E. (Gerry)",VA,-0.309,0,0.0,0.0
Repeal IRS crypto-broker reporting rule,crypto,"BEYER, Donald Sternoff Jr.",VA,-0.392,0,0.0,0.0
Repeal IRS crypto-broker reporting rule,crypto,"MCCLELLAN, Jennifer",VA,-0.555,0,0.0,0.0
Repeal IRS crypto-broker reporting rule,crypto,"SUBRAMANYAM, Suhas",VA,-0.238,1,0.0,0.0
Repeal IRS crypto-broker reporting rule,crypto,"VINDMAN, Eugene Simon",VA,-0.174,1,0.0,3500.0
Repeal IRS crypto-broker reporting rule,crypto,"SCOTT, Robert C.",VA,-0.45,0,0.0,0.0
Repeal IRS crypto-broker reporting rule,crypto,"LARSEN, Richard Ray (Rick)",WA,-0.365,0,0.0,0.0
Repeal IRS crypto-broker reporting rule,crypto,"JAYAPAL, Pramila",WA,-0.607,0,0.0,0.0
Repeal IRS crypto-broker reporting rule,crypto,"SCHRIER, Kim",WA,-0.275,0,0.0,105040.0
Repeal IRS crypto-broker reporting rule,crypto,"STRICKLAND, Marilyn",WA,-0.443,1,0.0,107778.0
Repeal IRS crypto-broker reporting rule,crypto,"PEREZ, Marie Gluesenkamp",WA,-0.099,0,0.0,8000.0
Repeal IRS crypto-broker reporting rule,crypto,"SMITH, Adam",WA,-0.291,0,0.0,14000.0
Repeal IRS crypto-broker reporting rule,crypto,"DELBENE, Suzan K.",WA,-0.296,0,0.0,115120.0
Repeal IRS crypto-broker reporting rule,crypto,"MOORE, Gwendolynne S. (Gwen)",WI,-0.52,0,0.0,500.0
Repeal IRS crypto-broker reporting rule,crypto,"POCAN, Mark",WI,-0.521,0,0.0,0.0
"GENIUS Act, Senate passage",crypto,"GALLEGO, Ruben",AZ,-0.356,1,0.0,2000.0
"GENIUS Act, Senate passage",crypto,"SCHIFF, Adam",CA,-0.353,1,0.0,0.0
"GENIUS Act, Senate passage",crypto,"PADILLA, Alejandro (Alex)",CA,-0.442,1,0.0,0.0
"GENIUS Act, Senate passage",crypto,"BENNET, Michael F.",CO,-0.246,0,0.0,0.0
"GENIUS Act, Senate passage",crypto,"HICKENLOOPER, John Wright",CO,-0.299,1,500.0,34900.0
"GENIUS Act, Senate passage",crypto,"MURPHY, Christopher",CT,-0.29,0,0.0,0.0
"GENIUS Act, Senate passage",crypto,"BLUMENTHAL, Richard",CT,-0.434,0,0.0,0.0
"GENIUS Act, Senate passage",crypto,"BLUNT ROCHESTER, Lisa",DE,-0.397,0,0.0,0.0
"GENIUS Act, Senate passage",crypto,"COONS, Christopher A.",DE,-0.24,0,1000.0,0.0
"GENIUS Act, Senate passage",crypto,"OSSOFF, Thomas Jonathan (Jon)",GA,-0.464,1,450.0,13749.0
"GENIUS Act, Senate passage",crypto,"WARNOCK, Raphael Gamaliel",GA,-0.443,1,0.0,0.0
"GENIUS Act, Senate passage",crypto,"HIRONO, Mazie",HI,-0.51,0,0.0,0.0
"GENIUS Act, Senate passage",crypto,"SCHATZ, Brian Emanuel",HI,-0.441,0,0.0,0.0
"GENIUS Act, Senate passage",crypto,"DURBIN, Richard Joseph",IL,-0.338,0,0.0,0.0
"GENIUS Act, Senate passage",crypto,"DUCKWORTH, Tammy",IL,-0.347,0,0.0,0.0
"GENIUS Act, Senate passage",crypto,"VAN HOLLEN, Christopher",MD,-0.399,0,0.0,0.0
"GENIUS Act, Senate passage",crypto,"ALSOBROOKS, Angela Deneece",MD,-0.455,1,0.0,1000.0
"GENIUS Act, Senate passage",crypto,"MARKEY, Edward John",MA,-0.518,0,0.0,0.0
"GENIUS Act, Senate passage",crypto,"WARREN, Elizabeth",MA,-0.745,0,0.0,0.0
"GENIUS Act, Senate passage",crypto,"PETERS, Gary C.",MI,-0.252,0,0.0,0.0
"GENIUS Act, Senate passage",crypto,"SLOTKIN, Elissa",MI,-0.367,1,0.0,0.0
"GENIUS Act, Senate passage",crypto,"KLOBUCHAR, Amy",MN,-0.278,0,0.0,0.0
"GENIUS Act, Senate passage",crypto,"SMITH, Tina",MN,-0.408,0,0.0,0.0
"GENIUS Act, Senate passage",crypto,"ROSEN, Jacklyn Sheryl",NV,-0.284,1,0.0,0.0
"GENIUS Act, Senate passage",crypto,"CORTEZ MASTO, Catherine Marie",NV,-0.345,1,0.0,0.0
"GENIUS Act, Senate passage",crypto,"SHAHEEN, Jeanne",NH,-0.216,0,0.0,0.0
"GENIUS Act, Senate passage",crypto,"HASSAN, Margaret Wood (Maggie)",NH,-0.225,1,0.0,0.0
"GENIUS Act, Senate passage",crypto,"KIM, Andy",NJ,-0.428,1,0.0,0.0
"GENIUS Act, Senate passage",crypto,"BOOKER, Cory Anthony",NJ,-0.556,1,2500.0,4300.0
"GENIUS Act, Senate passage",crypto,"HEINRICH, Martin",NM,-0.331,1,0.0,0.0
"GENIUS Act, Senate passage",crypto,"LUJÁN, Ben Ray",NM,-0.38,1,0.0,21550.0
"GENIUS Act, Senate passage",crypto,"SCHUMER, Charles Ellis (Chuck)",NY,-0.356,0,0.0,0.0
"GENIUS Act, Senate passage",crypto,"GILLIBRAND, Kirsten",NY,-0.446,1,0.0,13500.0
"GENIUS Act, Senate passage",crypto,"WYDEN, Ronald Lee",OR,-0.335,0,0.0,0.0
"GENIUS Act, Senate passage",crypto,"MERKLEY, Jeff",OR,-0.453,0,0.0,0.0
"GENIUS Act, Senate passage",crypto,"FETTERMAN, John Karl",PA,-0.177,1,0.0,0.0
"GENIUS Act, Senate passage",crypto,"REED, John F. (Jack)",RI,-0.36,0,0.0,0.0
"GENIUS Act, Senate passage",crypto,"WHITEHOUSE, Sheldon",RI,-0.34,0,0.0,0.0
"GENIUS Act, Senate passage",crypto,"WELCH, Peter",VT,-0.399,0,0.0,0.0
"GENIUS Act, Senate passage",crypto,"WARNER, Mark R.",VA,-0.216,1,3500.0,29500.0
"GENIUS Act, Senate passage",crypto,"KAINE, Timothy Michael (Tim)",VA,-0.233,0,0.0,0.0
"GENIUS Act, Senate passage",crypto,"CANTWELL, Maria E.",WA,-0.308,0,0.0,0.0
"GENIUS Act, Senate passage",crypto,"MURRAY, Patty",WA,-0.357,0,0.0,0.0
"GENIUS Act, Senate passage",crypto,"BALDWIN, Tammy",WI,-0.484,0,0.0,0.0
"Repeal IRS crypto-broker rule, Senate",crypto,"GALLEGO, Ruben",AZ,-0.356,1,0.0,2000.0
"Repeal IRS crypto-broker rule, Senate",crypto,"KELLY, Mark Edward",AZ,-0.274,0,0.0,0.0
"Repeal IRS crypto-broker rule, Senate",crypto,"SCHIFF, Adam",CA,-0.353,1,0.0,0.0
"Repeal IRS crypto-broker rule, Senate",crypto,"PADILLA, Alejandro (Alex)",CA,-0.442,1,0.0,0.0
"Repeal IRS crypto-broker rule, Senate",crypto,"BENNET, Michael F.",CO,-0.246,0,0.0,0.0
"Repeal IRS crypto-broker rule, Senate",crypto,"HICKENLOOPER, John Wright",CO,-0.299,1,0.0,35400.0
"Repeal IRS crypto-broker rule, Senate",crypto,"MURPHY, Christopher",CT,-0.29,0,0.0,0.0
"Repeal IRS crypto-broker rule, Senate",crypto,"BLUMENTHAL, Richard",CT,-0.434,0,0.0,0.0
"Repeal IRS crypto-broker rule, Senate",crypto,"BLUNT ROCHESTER, Lisa",DE,-0.397,0,0.0,0.0
"Repeal IRS crypto-broker rule, Senate",crypto,"COONS, Christopher A.",DE,-0.24,0,0.0,1000.0
"Repeal IRS crypto-broker rule, Senate",crypto,"OSSOFF, Thomas Jonathan (Jon)",GA,-0.464,1,0.0,14199.0
"Repeal IRS crypto-broker rule, Senate",crypto,"WARNOCK, Raphael Gamaliel",GA,-0.443,1,0.0,0.0
"Repeal IRS crypto-broker rule, Senate",crypto,"HIRONO, Mazie",HI,-0.51,0,0.0,0.0
"Repeal IRS crypto-broker rule, Senate",crypto,"SCHATZ, Brian Emanuel",HI,-0.441,1,0.0,0.0
"Repeal IRS crypto-broker rule, Senate",crypto,"DURBIN, Richard Joseph",IL,-0.338,0,0.0,0.0
"Repeal IRS crypto-broker rule, Senate",crypto,"DUCKWORTH, Tammy",IL,-0.347,0,0.0,0.0
"Repeal IRS crypto-broker rule, Senate",crypto,"VAN HOLLEN, Christopher",MD,-0.399,0,0.0,0.0
"Repeal IRS crypto-broker rule, Senate",crypto,"ALSOBROOKS, Angela Deneece",MD,-0.455,1,0.0,1000.0
"Repeal IRS crypto-broker rule, Senate",crypto,"MARKEY, Edward John",MA,-0.518,0,0.0,0.0
"Repeal IRS crypto-broker rule, Senate",crypto,"WARREN, Elizabeth",MA,-0.745,0,0.0,0.0
"Repeal IRS crypto-broker rule, Senate",crypto,"PETERS, Gary C.",MI,-0.252,0,0.0,0.0
"Repeal IRS crypto-broker rule, Senate",crypto,"KLOBUCHAR, Amy",MN,-0.278,0,0.0,0.0
"Repeal IRS crypto-broker rule, Senate",crypto,"SMITH, Tina",MN,-0.408,0,0.0,0.0
"Repeal IRS crypto-broker rule, Senate",crypto,"ROSEN, Jacklyn Sheryl",NV,-0.284,1,0.0,0.0
"Repeal IRS crypto-broker rule, Senate",crypto,"CORTEZ MASTO, Catherine Marie",NV,-0.345,1,0.0,0.0
"Repeal IRS crypto-broker rule, Senate",crypto,"SHAHEEN, Jeanne",NH,-0.216,0,0.0,0.0
"Repeal IRS crypto-broker rule, Senate",crypto,"HASSAN, Margaret Wood (Maggie)",NH,-0.225,0,0.0,0.0
"Repeal IRS crypto-broker rule, Senate",crypto,"KIM, Andy",NJ,-0.428,1,0.0,0.0
"Repeal IRS crypto-broker rule, Senate",crypto,"BOOKER, Cory Anthony",NJ,-0.556,1,2500.0,4300.0
"Repeal IRS crypto-broker rule, Senate",crypto,"HEINRICH, Martin",NM,-0.331,1,0.0,0.0
"Repeal IRS crypto-broker rule, Senate",crypto,"LUJÁN, Ben Ray",NM,-0.38,1,0.0,21550.0
"Repeal IRS crypto-broker rule, Senate",crypto,"SCHUMER, Charles Ellis (Chuck)",NY,-0.356,1,0.0,0.0
"Repeal IRS crypto-broker rule, Senate",crypto,"GILLIBRAND, Kirsten",NY,-0.446,1,0.0,13500.0
"Repeal IRS crypto-broker rule, Senate",crypto,"WYDEN, Ronald Lee",OR,-0.335,0,0.0,0.0
"Repeal IRS crypto-broker rule, Senate",crypto,"MERKLEY, Jeff",OR,-0.453,0,0.0,0.0
"Repeal IRS crypto-broker rule, Senate",crypto,"FETTERMAN, John Karl",PA,-0.177,1,0.0,0.0
"Repeal IRS crypto-broker rule, Senate",crypto,"REED, John F. (Jack)",RI,-0.36,0,0.0,0.0
"Repeal IRS crypto-broker rule, Senate",crypto,"WHITEHOUSE, Sheldon",RI,-0.34,0,0.0,0.0
"Repeal IRS crypto-broker rule, Senate",crypto,"WELCH, Peter",VT,-0.399,0,0.0,0.0
"Repeal IRS crypto-broker rule, Senate",crypto,"WARNER, Mark R.",VA,-0.216,1,2500.0,30500.0
"Repeal IRS crypto-broker rule, Senate",crypto,"KAINE, Timothy Michael (Tim)",VA,-0.233,0,0.0,0.0
"Repeal IRS crypto-broker rule, Senate",crypto,"CANTWELL, Maria E.",WA,-0.308,0,0.0,0.0
"Repeal IRS crypto-broker rule, Senate",crypto,"MURRAY, Patty",WA,-0.357,0,0.0,0.0
"Repeal IRS crypto-broker rule, Senate",crypto,"BALDWIN, Tammy",WI,-0.484,0,0.0,0.0
Revoke California EV waiver,oil_gas_auto,"SEWELL, Terri",AL,-0.402,1,6500.0,30500.0
Revoke California EV waiver,oil_gas_auto,"FIGURES, Shomari",AL,-0.411,1,4000.0,13500.0
Revoke California EV waiver,oil_gas_auto,"STANTON, Greg",AZ,-0.281,0,1000.0,4500.0
Revoke California EV waiver,oil_gas_auto,"ANSARI, Yassamin",AZ,-0.428,0,0.0,7000.0
Revoke California EV waiver,oil_gas_auto,"PELOSI, Nancy",CA,-0.489,0,80.0,237.0
Revoke California EV waiver,oil_gas_auto,"SÁNCHEZ, Linda T.",CA,-0.507,0,1000.0,1000.0
Revoke California EV waiver,oil_gas_auto,"COSTA, Jim",CA,-0.199,0,5000.0,40000.0
Revoke California EV waiver,oil_gas_auto,"MATSUI, Doris",CA,-0.433,0,2500.0,1000.0
Revoke California EV waiver,oil_gas_auto,"CHU, Judy",CA,-0.479,0,-2000.0,3000.0
Revoke California EV waiver,oil_gas_auto,"GARAMENDI, John",CA,-0.312,0,0.0,0.0
Revoke California EV waiver,oil_gas_auto,"HUFFMAN, Jared",CA,-0.432,0,-1000.0,0.0
Revoke California EV waiver,oil_gas_auto,"BERA, Ami",CA,-0.247,0,0.0,5500.0
Revoke California EV waiver,oil_gas_auto,"BROWNLEY, Julia",CA,-0.306,0,0.0,0.0
Revoke California EV waiver,oil_gas_auto,"TAKANO, Mark",CA,-0.457,0,0.0,2750.0
Revoke California EV waiver,oil_gas_auto,"VARGAS, Juan",CA,-0.396,0,1000.0,2500.0
Revoke California EV waiver,oil_gas_auto,"PETERS, Scott",CA,-0.194,0,3500.0,13000.0
Revoke California EV waiver,oil_gas_auto,"DESAULNIER, Mark James",CA,-0.507,0,-550.0,4450.0
Revoke California EV waiver,oil_gas_auto,"AGUILAR, Peter Rey",CA,-0.328,0,10000.0,42000.0
Revoke California EV waiver,oil_gas_auto,"LIEU, Ted",CA,-0.37,0,4000.0,6000.0
Revoke California EV waiver,oil_gas_auto,"TORRES, Norma Judith",CA,-0.366,0,0.0,4000.0
Revoke California EV waiver,oil_gas_auto,"BARRAGÁN, Nanette Diaz",CA,-0.497,0,-500.0,6000.0
Revoke California EV waiver,oil_gas_auto,"CARBAJAL, Salud",CA,-0.323,0,1000.0,7000.0
Revoke California EV waiver,oil_gas_auto,"CORREA, Jose Luis",CA,-0.285,1,3500.0,30500.0
Revoke California EV waiver,oil_gas_auto,"KHANNA, Ro",CA,-0.458,0,0.0,1212.0
Revoke California EV waiver,oil_gas_auto,"PANETTA, James Varni",CA,-0.279,0,3000.0,17000.0
Revoke California EV waiver,oil_gas_auto,"GOMEZ, Jimmy",CA,-0.532,0,-2500.0,1500.0
Revoke California EV waiver,oil_gas_auto,"CISNEROS, Gil",CA,-0.457,0,2320.0,8200.0
Revoke California EV waiver,oil_gas_auto,"HARDER, Josh",CA,-0.295,0,0.0,4800.0
Revoke California EV waiver,oil_gas_auto,"LEVIN, Mike",CA,-0.323,0,0.0,0.0
Revoke California EV waiver,oil_gas_auto,"JACOBS, Sara",CA,-0.419,0,0.0,1000.0
Revoke California EV waiver,oil_gas_auto,"GARCIA, Robert",CA,-0.373,0,0.0,6900.0
Revoke California EV waiver,oil_gas_auto,"KAMLAGER-DOVE, Sydney",CA,-0.519,0,-1000.0,3000.0
Revoke California EV waiver,oil_gas_auto,"MULLIN, Kevin",CA,-0.479,0,0.0,0.0
Revoke California EV waiver,oil_gas_auto,"FRIEDMAN, Laura",CA,-0.356,0,2000.0,3500.0
Revoke California EV waiver,oil_gas_auto,"GRAY, Adam",CA,-0.235,0,2500.0,50000.0
Revoke California EV waiver,oil_gas_auto,"LICCARDO, Sam T.",CA,-0.346,0,2000.0,8000.0
Revoke California EV waiver,oil_gas_auto,"MIN, Dave",CA,-0.207,0,0.0,300.0
Revoke California EV waiver,oil_gas_auto,"RIVAS, Luz M.",CA,-0.521,0,0.0,4000.0
Revoke California EV waiver,oil_gas_auto,"TRAN, Derek",CA,-0.233,0,1000.0,3000.0
Revoke California EV waiver,oil_gas_auto,"WHITESIDES, George",CA,-0.204,1,0.0,7300.0
Revoke California EV waiver,oil_gas_auto,"WATERS, Maxine",CA,-0.656,0,0.0,0.0
Revoke California EV waiver,oil_gas_auto,"LOFGREN, Zoe",CA,-0.396,0,0.0,0.0
Revoke California EV waiver,oil_gas_auto,"SHERMAN, Brad",CA,-0.345,0,-1000.0,1000.0
Revoke California EV waiver,oil_gas_auto,"THOMPSON, Michael",CA,-0.392,0,0.0,35000.0
Revoke California EV waiver,oil_gas_auto,"CROW, Jason",CO,-0.361,0,0.0,0.0
Revoke California EV waiver,oil_gas_auto,"NEGUSE, Joseph",CO,-0.431,0,2185.0,5000.0
Revoke California EV waiver,oil_gas_auto,"PETTERSEN, Brittany",CO,-0.376,0,0.0,6500.0
Revoke California EV waiver,oil_gas_auto,"COURTNEY, Joe",CT,-0.336,0,0.0,6000.0
Revoke California EV waiver,oil_gas_auto,"HIMES, James A.",CT,-0.241,0,0.0,2000.0
Revoke California EV waiver,oil_gas_auto,"HAYES, Jahana",CT,-0.341,0,-750.0,0.0
Revoke California EV waiver,oil_gas_auto,"DeLAURO, Rosa L.",CT,-0.414,0,0.0,-1500.0
Revoke California EV waiver,oil_gas_auto,"LARSON, John B.",CT,-0.396,0,1000.0,11750.0
Revoke California EV waiver,oil_gas_auto,"MCBRIDE, Sarah",DE,-0.267,0,0.0,0.0
Revoke California EV waiver,oil_gas_auto,"CASTOR, Kathy",FL,-0.434,0,0.0,2500.0
Revoke California EV waiver,oil_gas_auto,"WILSON, Frederica",FL,-0.476,0,0.0,0.0
Revoke California EV waiver,oil_gas_auto,"SOTO, Darren Michael",FL,-0.339,1,1000.0,15500.0
Revoke California EV waiver,oil_gas_auto,"CHERFILUS-MCCORMICK, Sheila",FL,-0.429,0,0.0,0.0
Revoke California EV waiver,oil_gas_auto,"FROST, Maxwell",FL,-0.442,0,0.0,611.0
Revoke California EV waiver,oil_gas_auto,"MOSKOWITZ, Jared",FL,-0.227,1,1000.0,8000.0
Revoke California EV waiver,oil_gas_auto,"SCOTT, David",GA,-0.305,0,0.0,0.0
Revoke California EV waiver,oil_gas_auto,"JOHNSON, Hank",GA,-0.479,0,2000.0,0.0
Revoke California EV waiver,oil_gas_auto,"McBATH, Lucy",GA,-0.371,0,0.0,0.0
Revoke California EV waiver,oil_gas_auto,"WILLIAMS, Nikema",GA,-0.442,0,0.0,0.0
Revoke California EV waiver,oil_gas_auto,"BISHOP, Sanford Dixon, Jr.",GA,-0.289,1,5000.0,11500.0
Revoke California EV waiver,oil_gas_auto,"CASE, Ed",HI,-0.208,0,3300.0,1000.0
Revoke California EV waiver,oil_gas_auto,"TOKUDA, Jill",HI,-0.455,0,0.0,0.0
Revoke California EV waiver,oil_gas_auto,"FOSTER, Bill",IL,-0.238,0,0.0,150.0
Revoke California EV waiver,oil_gas_auto,"QUIGLEY, Mike",IL,-0.324,0,0.0,0.0
Revoke California EV waiver,oil_gas_auto,"SCHNEIDER, Brad",IL,-0.199,0,3000.0,10000.0
Revoke California EV waiver,oil_gas_auto,"KELLY, Robin L.",IL,-0.474,0,3500.0,7000.0
Revoke California EV waiver,oil_gas_auto,"KRISHNAMOORTHI, S. Raja",IL,-0.349,0,0.0,700.0
Revoke California EV waiver,oil_gas_auto,"CASTEN, Sean",IL,-0.625,0,1500.0,4500.0
Revoke California EV waiver,oil_gas_auto,"UNDERWOOD, Lauren",IL,-0.597,0,400.0,200.0
Revoke California EV waiver,oil_gas_auto,"BUDZINSKI, Nikki",IL,-0.317,1,5000.0,7685.0
Revoke California EV waiver,oil_gas_auto,"JACKSON, Jonathan",IL,-0.349,0,1000.0,9000.0
Revoke California EV waiver,oil_gas_auto,"RAMIREZ, Delia",IL,-0.496,0,0.0,5000.0
Revoke California EV waiver,oil_gas_auto,"SORENSEN, Eric",IL,-0.24,0,0.0,1000.0
Revoke California EV waiver,oil_gas_auto,"DAVIS, Danny K.",IL,-0.487,0,0.0,0.0
Revoke California EV waiver,oil_gas_auto,"SCHAKOWSKY, Janice D.",IL,-0.602,0,400.0,0.0
Revoke California EV waiver,oil_gas_auto,"CARSON, André",IN,-0.434,0,0.0,6500.0
Revoke California EV waiver,oil_gas_auto,"MRVAN, Frank J.",IN,-0.299,1,5000.0,6300.0
Revoke California EV waiver,oil_gas_auto,"DAVIDS, Sharice",KS,-0.265,1,0.0,9500.0
Revoke California EV waiver,oil_gas_auto,"MCGARVEY, Morgan",KY,-0.486,0,2000.0,13500.0
Revoke California EV waiver,oil_gas_auto,"CARTER, Troy",LA,-0.521,0,3500.0,25500.0
Revoke California EV waiver,oil_gas_auto,"FIELDS, Cleo",LA,-0.457,0,0.0,2500.0
Revoke California EV waiver,oil_gas_auto,"PINGREE, Chellie",ME,-0.421,0,0.0,0.0
Revoke California EV waiver,oil_gas_auto,"GOLDEN, Jared",ME,-0.106,1,1500.0,0.0
Revoke California EV waiver,oil_gas_auto,"MFUME, Kweisi",MD,-0.441,0,0.0,0.0
Revoke California EV waiver,oil_gas_auto,"RASKIN, Jamie Ben",MD,-0.494,0,0.0,1050.0
Revoke California EV waiver,oil_gas_auto,"IVEY, Glenn",MD,-0.466,0,0.0,7500.0
Revoke California EV waiver,oil_gas_auto,"ELFRETH, Sarah",MD,-0.373,0,0.0,0.0
Revoke California EV waiver,oil_gas_auto,"MCCLAIN DELANEY, April",MD,-0.29,0,1000.0,0.0
Revoke California EV waiver,oil_gas_auto,"OLSZEWSKI, Johnny, Jr.",MD,-0.378,0,0.0,0.0
Revoke California EV waiver,oil_gas_auto,"NEAL, Richard Edmund",MA,-0.417,0,0.0,20000.0
Revoke California EV waiver,oil_gas_auto,"LYNCH, Stephen F.",MA,-0.342,0,0.0,8500.0
Revoke California EV waiver,oil_gas_auto,"KEATING, William R.",MA,-0.329,0,0.0,3000.0
Revoke California EV waiver,oil_gas_auto,"CLARK, Katherine M.",MA,-0.478,0,10000.0,17500.0
Revoke California EV waiver,oil_gas_auto,"PRESSLEY, Ayanna",MA,-0.375,0,0.0,0.0
Revoke California EV waiver,oil_gas_auto,"TRAHAN, Lori",MA,-0.416,0,0.0,8000.0
Revoke California EV waiver,oil_gas_auto,"AUCHINCLOSS, Jake",MA,-0.272,0,0.0,5000.0
Revoke California EV waiver,oil_gas_auto,"DINGELL, Debbie",MI,-0.397,0,14500.0,26000.0
Revoke California EV waiver,oil_gas_auto,"STEVENS, Haley",MI,-0.361,0,15300.0,17600.0
Revoke California EV waiver,oil_gas_auto,"TLAIB, Rashida",MI,-0.29,0,200.0,4885.0
Revoke California EV waiver,oil_gas_auto,"SCHOLTEN, Hillary",MI,-0.261,1,0.0,21250.0
Revoke California EV waiver,oil_gas_auto,"THANEDAR, Shri",MI,-0.35,1,1000.0,6000.0
Revoke California EV waiver,oil_gas_auto,"MCDONALD RIVET, Kristen",MI,-0.244,1,5250.0,33500.0
Revoke California EV waiver,oil_gas_auto,"MCCOLLUM, Betty",MN,-0.419,0,1000.0,10000.0
Revoke California EV waiver,oil_gas_auto,"CRAIG, Angela",MN,-0.273,0,0.0,8800.0
Revoke California EV waiver,oil_gas_auto,"OMAR, Ilhan",MN,-0.296,0,0.0,0.0
Revoke California EV waiver,oil_gas_auto,"MORRISON, Kelly",MN,-0.347,0,0.0,0.0
Revoke California EV waiver,oil_gas_auto,"THOMPSON, Bennie",MS,-0.52,1,1500.0,15000.0
Revoke California EV waiver,oil_gas_auto,"CLEAVER, Emanuel, II",MO,-0.454,0,0.0,4500.0
Revoke California EV waiver,oil_gas_auto,"BELL, Wesley",MO,-0.455,0,500.0,13000.0
Revoke California EV waiver,oil_gas_auto,"TITUS, Alice (Dina)",NV,-0.296,0,0.0,7000.0
Revoke California EV waiver,oil_gas_auto,"HORSFORD, Steven",NV,-0.311,1,5750.0,12000.0
Revoke California EV waiver,oil_gas_auto,"LEE, Susie",NV,-0.225,1,250.0,8250.0
Revoke California EV waiver,oil_gas_auto,"PAPPAS, Chris",NH,-0.233,0,0.0,1663.0
Revoke California EV waiver,oil_gas_auto,"GOODLANDER, Maggie",NH,-0.21,0,0.0,1250.0
Revoke California EV waiver,oil_gas_auto,"PALLONE, Frank, Jr.",NJ,-0.403,0,5000.0,16000.0
Revoke California EV waiver,oil_gas_auto,"WATSON COLEMAN, Bonnie",NJ,-0.592,0,0.0,0.0
Revoke California EV waiver,oil_gas_auto,"SHERRILL, Mikie",NJ,-0.234,0,0.0,0.0
Revoke California EV waiver,oil_gas_auto,"MENENDEZ, Robert",NJ,-0.508,0,2000.0,8500.0
Revoke California EV waiver,oil_gas_auto,"MCIVER, LaMonica",NJ,-0.539,0,1000.0,4000.0
Revoke California EV waiver,oil_gas_auto,"CONAWAY, Herbert C., Jr.",NJ,-0.299,0,1000.0,3500.0
Revoke California EV waiver,oil_gas_auto,"POU, Nellie",NJ,-0.308,0,2250.0,17750.0
Revoke California EV waiver,oil_gas_auto,"LEGER FERNANDEZ, Teresa",NM,-0.366,0,0.0,0.0
Revoke California EV waiver,oil_gas_auto,"STANSBURY, Melanie Ann",NM,-0.432,0,0.0,0.0
Revoke California EV waiver,oil_gas_auto,"VASQUEZ, Gabriel",NM,-0.32,1,1000.0,7000.0
Revoke California EV waiver,oil_gas_auto,"CLARKE, Yvette Diane",NY,-0.607,0,4500.0,5500.0
Revoke California EV waiver,oil_gas_auto,"TONKO, Paul",NY,-0.416,0,1000.0,6000.0
Revoke California EV waiver,oil_gas_auto,"MENG, Grace",NY,-0.371,0,0.0,13500.0
Revoke California EV waiver,oil_gas_auto,"JEFFRIES, Hakeem",NY,-0.483,0,5182.0,24816.0
Revoke California EV waiver,oil_gas_auto,"ESPAILLAT, Adriano J.",NY,-0.526,0,1000.0,4000.0
Revoke California EV waiver,oil_gas_auto,"SUOZZI, Thomas",NY,-0.213,1,0.0,18000.0
Revoke California EV waiver,oil_gas_auto,"MORELLE, Joseph",NY,-0.331,1,10000.0,19500.0
Revoke California EV waiver,oil_gas_auto,"OCASIO-CORTEZ, Alexandria",NY,-0.333,0,1761.0,7109.0
Revoke California EV waiver,oil_gas_auto,"TORRES, Ritchie",NY,-0.311,0,0.0,2500.0
Revoke California EV waiver,oil_gas_auto,"RYAN, Patrick",NY,-0.225,1,0.0,2000.0
Revoke California EV waiver,oil_gas_auto,"GOLDMAN, Daniel",NY,-0.448,0,0.0,3075.0
Revoke California EV waiver,oil_gas_auto,"KENNEDY, Timothy M.",NY,-0.385,1,0.0,17000.0
Revoke California EV waiver,oil_gas_auto,"GILLEN, Laura",NY,-0.166,1,250.0,13250.0
Revoke California EV waiver,oil_gas_auto,"LATIMER, George",NY,-0.402,0,0.0,1000.0
Revoke California EV waiver,oil_gas_auto,"MANNION, John W.",NY,-0.238,0,0.0,1000.0
Revoke California EV waiver,oil_gas_auto,"RILEY, Josh",NY,-0.202,1,0.0,250.0
Revoke California EV waiver,oil_gas_auto,"NADLER, Jerrold Lewis",NY,-0.507,0,0.0,0.0
Revoke California EV waiver,oil_gas_auto,"VELÁZQUEZ, Nydia M.",NY,-0.546,0,0.0,0.0
Revoke California EV waiver,oil_gas_auto,"MEEKS, Gregory W.",NY,-0.415,0,1000.0,5000.0
Revoke California EV waiver,oil_gas_auto,"ADAMS, Alma",NC,-0.464,0,0.0,0.0
Revoke California EV waiver,oil_gas_auto,"ROSS, Deborah K.",NC,-0.389,0,-2500.0,3000.0
Revoke California EV waiver,oil_gas_auto,"DAVIS, Don",NC,-0.241,1,-500.0,16500.0
Revoke California EV waiver,oil_gas_auto,"FOUSHEE, Valerie",NC,-0.5,0,0.0,1000.0
Revoke California EV waiver,oil_gas_auto,"KAPTUR, Marcia Carolyn (Marcy)",OH,-0.34,1,2750.0,11000.0
Revoke California EV waiver,oil_gas_auto,"BEATTY, Joyce",OH,-0.441,1,1000.0,18000.0
Revoke California EV waiver,oil_gas_auto,"BROWN, Shontel M.",OH,-0.476,0,0.0,4000.0
Revoke California EV waiver,oil_gas_auto,"LANDSMAN, Greg",OH,-0.226,1,0.0,3685.0
Revoke California EV waiver,oil_gas_auto,"SYKES, Emilia",OH,-0.333,0,1000.0,4500.0
Revoke California EV waiver,oil_gas_auto,"BONAMICI, Suzanne",OR,-0.401,0,0.0,5000.0
Revoke California EV waiver,oil_gas_auto,"HOYLE, Val",OR,-0.233,0,0.0,0.0
Revoke California EV waiver,oil_gas_auto,"SALINAS, Andrea",OR,-0.227,0,0.0,5500.0
Revoke California EV waiver,oil_gas_auto,"BYNUM, Janelle S.",OR,-0.288,1,1250.0,6685.0
Revoke California EV waiver,oil_gas_auto,"DEXTER, Maxine",OR,-0.459,0,0.0,0.0
Revoke California EV waiver,oil_gas_auto,"BOYLE, Brendan Francis",PA,-0.379,0,2500.0,12185.0
Revoke California EV waiver,oil_gas_auto,"EVANS, Dwight",PA,-0.473,0,0.0,0.0
Revoke California EV waiver,oil_gas_auto,"SCANLON, Mary Gay",PA,-0.46,0,2500.0,9500.0
Revoke California EV waiver,oil_gas_auto,"DEAN, Madeleine",PA,-0.436,0,1000.0,14000.0
Revoke California EV waiver,oil_gas_auto,"HOULAHAN, Christina",PA,-0.258,0,0.0,7000.0
Revoke California EV waiver,oil_gas_auto,"DELUZIO, Chris",PA,-0.263,0,0.0,5750.0
Revoke California EV waiver,oil_gas_auto,"LEE, Summer",PA,-0.45,0,0.0,5300.0
Revoke California EV waiver,oil_gas_auto,"MAGAZINER, Seth",RI,-0.303,0,0.0,0.0
Revoke California EV waiver,oil_gas_auto,"AMO, Gabe",RI,-0.426,0,1000.0,5000.0
Revoke California EV waiver,oil_gas_auto,"CLYBURN, James Enos",SC,-0.466,0,0.0,8500.0
Revoke California EV waiver,oil_gas_auto,"GREEN, Al",TX,-0.448,0,250.0,0.0
Revoke California EV waiver,oil_gas_auto,"CUELLAR, Henry",TX,-0.225,1,1500.0,53250.0
Revoke California EV waiver,oil_gas_auto,"CASTRO, Joaquin",TX,-0.403,0,0.0,5000.0
Revoke California EV waiver,oil_gas_auto,"VEASEY, Marc",TX,-0.409,1,16000.0,26000.0
Revoke California EV waiver,oil_gas_auto,"GONZALEZ, Vicente, Jr.",TX,-0.385,1,28500.0,81500.0
Revoke California EV waiver,oil_gas_auto,"ESCOBAR, Veronica",TX,-0.466,0,1000.0,18000.0
Revoke California EV waiver,oil_gas_auto,"FLETCHER, Elizabeth",TX,-0.546,0,19000.0,58300.0
Revoke California EV waiver,oil_gas_auto,"GARCIA, Sylvia",TX,-0.764,0,2000.0,43000.0
Revoke California EV waiver,oil_gas_auto,"CASAR, Greg",TX,-0.429,0,0.0,250.0
Revoke California EV waiver,oil_gas_auto,"CROCKETT, Jasmine",TX,-0.495,0,250.0,4540.0
Revoke California EV waiver,oil_gas_auto,"JOHNSON, Julie",TX,-0.353,1,0.0,0.0
Revoke California EV waiver,oil_gas_auto,"DOGGETT, Lloyd Alton, II",TX,-0.403,0,2000.0,0.0
Revoke California EV waiver,oil_gas_auto,"BALINT, Becca",VT,-0.442,0,0.0,0.0
Revoke California EV waiver,oil_gas_auto,"BEYER, Donald Sternoff Jr.",VA,-0.392,0,0.0,24500.0
Revoke California EV waiver,oil_gas_auto,"MCCLELLAN, Jennifer",VA,-0.555,0,6000.0,8500.0
Revoke California EV waiver,oil_gas_auto,"SUBRAMANYAM, Suhas",VA,-0.238,0,5000.0,2685.0
Revoke California EV waiver,oil_gas_auto,"VINDMAN, Eugene Simon",VA,-0.174,1,0.0,13535.0
Revoke California EV waiver,oil_gas_auto,"SCOTT, Robert C.",VA,-0.45,0,5000.0,5000.0
Revoke California EV waiver,oil_gas_auto,"LARSEN, Richard Ray (Rick)",WA,-0.365,0,250.0,55750.0
Revoke California EV waiver,oil_gas_auto,"JAYAPAL, Pramila",WA,-0.607,0,0.0,500.0
Revoke California EV waiver,oil_gas_auto,"SCHRIER, Kim",WA,-0.275,0,0.0,5000.0
Revoke California EV waiver,oil_gas_auto,"STRICKLAND, Marilyn",WA,-0.443,0,1000.0,12000.0
Revoke California EV waiver,oil_gas_auto,"PEREZ, Marie Gluesenkamp",WA,-0.099,1,250.0,2500.0
Revoke California EV waiver,oil_gas_auto,"RANDALL, Emily",WA,-0.572,0,0.0,5000.0
Revoke California EV waiver,oil_gas_auto,"SMITH, Adam",WA,-0.291,0,2500.0,8500.0
Revoke California EV waiver,oil_gas_auto,"DELBENE, Suzan K.",WA,-0.296,0,3000.0,10500.0
Revoke California EV waiver,oil_gas_auto,"MOORE, Gwendolynne S. (Gwen)",WI,-0.52,0,0.0,2500.0
Revoke California EV waiver,oil_gas_auto,"POCAN, Mark",WI,-0.521,0,0.0,1000.0
Confirm Chris Wright (Energy Sec.),oil_gas_auto,"GALLEGO, Ruben",AZ,-0.356,1,0.0,0.0
Confirm Chris Wright (Energy Sec.),oil_gas_auto,"KELLY, Mark Edward",AZ,-0.274,0,0.0,0.0
Confirm Chris Wright (Energy Sec.),oil_gas_auto,"SCHIFF, Adam",CA,-0.353,0,0.0,0.0
Confirm Chris Wright (Energy Sec.),oil_gas_auto,"PADILLA, Alejandro (Alex)",CA,-0.442,0,0.0,4000.0
Confirm Chris Wright (Energy Sec.),oil_gas_auto,"BENNET, Michael F.",CO,-0.246,1,0.0,0.0
Confirm Chris Wright (Energy Sec.),oil_gas_auto,"HICKENLOOPER, John Wright",CO,-0.299,1,0.0,5583.0
Confirm Chris Wright (Energy Sec.),oil_gas_auto,"MURPHY, Christopher",CT,-0.29,0,0.0,0.0
Confirm Chris Wright (Energy Sec.),oil_gas_auto,"BLUMENTHAL, Richard",CT,-0.434,0,0.0,0.0
Confirm Chris Wright (Energy Sec.),oil_gas_auto,"BLUNT ROCHESTER, Lisa",DE,-0.397,0,0.0,6000.0
Confirm Chris Wright (Energy Sec.),oil_gas_auto,"COONS, Christopher A.",DE,-0.24,0,0.0,12500.0
Confirm Chris Wright (Energy Sec.),oil_gas_auto,"OSSOFF, Thomas Jonathan (Jon)",GA,-0.464,0,5.0,7688.0
Confirm Chris Wright (Energy Sec.),oil_gas_auto,"WARNOCK, Raphael Gamaliel",GA,-0.443,0,0.0,0.0
Confirm Chris Wright (Energy Sec.),oil_gas_auto,"HIRONO, Mazie",HI,-0.51,0,0.0,-1000.0
Confirm Chris Wright (Energy Sec.),oil_gas_auto,"SCHATZ, Brian Emanuel",HI,-0.441,0,0.0,7000.0
Confirm Chris Wright (Energy Sec.),oil_gas_auto,"DURBIN, Richard Joseph",IL,-0.338,0,0.0,0.0
Confirm Chris Wright (Energy Sec.),oil_gas_auto,"DUCKWORTH, Tammy",IL,-0.347,0,0.0,1000.0
Confirm Chris Wright (Energy Sec.),oil_gas_auto,"VAN HOLLEN, Christopher",MD,-0.399,0,0.0,0.0
Confirm Chris Wright (Energy Sec.),oil_gas_auto,"ALSOBROOKS, Angela Deneece",MD,-0.455,0,0.0,6000.0
Confirm Chris Wright (Energy Sec.),oil_gas_auto,"MARKEY, Edward John",MA,-0.518,0,0.0,0.0
Confirm Chris Wright (Energy Sec.),oil_gas_auto,"WARREN, Elizabeth",MA,-0.745,0,0.0,0.0
Confirm Chris Wright (Energy Sec.),oil_gas_auto,"PETERS, Gary C.",MI,-0.252,0,0.0,0.0
Confirm Chris Wright (Energy Sec.),oil_gas_auto,"SLOTKIN, Elissa",MI,-0.367,0,0.0,0.0
Confirm Chris Wright (Energy Sec.),oil_gas_auto,"KLOBUCHAR, Amy",MN,-0.278,0,0.0,0.0
Confirm Chris Wright (Energy Sec.),oil_gas_auto,"SMITH, Tina",MN,-0.408,0,12.0,12.0
Confirm Chris Wright (Energy Sec.),oil_gas_auto,"ROSEN, Jacklyn Sheryl",NV,-0.284,0,0.0,2000.0
Confirm Chris Wright (Energy Sec.),oil_gas_auto,"CORTEZ MASTO, Catherine Marie",NV,-0.345,0,0.0,3500.0
Confirm Chris Wright (Energy Sec.),oil_gas_auto,"SHAHEEN, Jeanne",NH,-0.216,1,0.0,0.0
Confirm Chris Wright (Energy Sec.),oil_gas_auto,"HASSAN, Margaret Wood (Maggie)",NH,-0.225,1,0.0,1000.0
Confirm Chris Wright (Energy Sec.),oil_gas_auto,"KIM, Andy",NJ,-0.428,0,0.0,0.0
Confirm Chris Wright (Energy Sec.),oil_gas_auto,"BOOKER, Cory Anthony",NJ,-0.556,0,0.0,2548.0
Confirm Chris Wright (Energy Sec.),oil_gas_auto,"HEINRICH, Martin",NM,-0.331,1,0.0,19000.0
Confirm Chris Wright (Energy Sec.),oil_gas_auto,"LUJÁN, Ben Ray",NM,-0.38,1,-1000.0,13000.0
Confirm Chris Wright (Energy Sec.),oil_gas_auto,"SCHUMER, Charles Ellis (Chuck)",NY,-0.356,0,0.0,0.0
Confirm Chris Wright (Energy Sec.),oil_gas_auto,"GILLIBRAND, Kirsten",NY,-0.446,0,0.0,-1000.0
Confirm Chris Wright (Energy Sec.),oil_gas_auto,"WYDEN, Ronald Lee",OR,-0.335,0,0.0,1000.0
Confirm Chris Wright (Energy Sec.),oil_gas_auto,"MERKLEY, Jeff",OR,-0.453,0,0.0,0.0
Confirm Chris Wright (Energy Sec.),oil_gas_auto,"REED, John F. (Jack)",RI,-0.36,0,0.0,5000.0
Confirm Chris Wright (Energy Sec.),oil_gas_auto,"WHITEHOUSE, Sheldon",RI,-0.34,0,0.0,0.0
Confirm Chris Wright (Energy Sec.),oil_gas_auto,"WELCH, Peter",VT,-0.399,0,0.0,0.0
Confirm Chris Wright (Energy Sec.),oil_gas_auto,"WARNER, Mark R.",VA,-0.216,0,0.0,37500.0
Confirm Chris Wright (Energy Sec.),oil_gas_auto,"KAINE, Timothy Michael (Tim)",VA,-0.233,0,0.0,1000.0
Confirm Chris Wright (Energy Sec.),oil_gas_auto,"CANTWELL, Maria E.",WA,-0.308,0,0.0,0.0
Confirm Chris Wright (Energy Sec.),oil_gas_auto,"MURRAY, Patty",WA,-0.357,0,0.0,0.0
Confirm Chris Wright (Energy Sec.),oil_gas_auto,"BALDWIN, Tammy",WI,-0.484,0,0.0,0.0
"FY26 NDAA, House passage",defense,"SEWELL, Terri",AL,-0.402,0,15500.0,33000.0
"FY26 NDAA, House passage",defense,"FIGURES, Shomari",AL,-0.411,0,6500.0,13000.0
"FY26 NDAA, House passage",defense,"STANTON, Greg",AZ,-0.281,0,6500.0,30000.0
"FY26 NDAA, House passage",defense,"ANSARI, Yassamin",AZ,-0.428,0,0.0,0.0
"FY26 NDAA, House passage",defense,"PELOSI, Nancy",CA,-0.489,0,1320.0,290.0
"FY26 NDAA, House passage",defense,"SÁNCHEZ, Linda T.",CA,-0.507,0,6000.0,10500.0
"FY26 NDAA, House passage",defense,"COSTA, Jim",CA,-0.199,0,4000.0,4000.0
"FY26 NDAA, House passage",defense,"MATSUI, Doris",CA,-0.433,0,6000.0,5500.0
"FY26 NDAA, House passage",defense,"CHU, Judy",CA,-0.479,0,0.0,7000.0
"FY26 NDAA, House passage",defense,"GARAMENDI, John",CA,-0.312,0,4000.0,19000.0
"FY26 NDAA, House passage",defense,"HUFFMAN, Jared",CA,-0.432,0,0.0,3500.0
"FY26 NDAA, House passage",defense,"BERA, Ami",CA,-0.247,0,5500.0,19000.0
"FY26 NDAA, House passage",defense,"SWALWELL, Eric",CA,-0.355,0,0.0,0.0
"FY26 NDAA, House passage",defense,"BROWNLEY, Julia",CA,-0.306,0,3000.0,4000.0
"FY26 NDAA, House passage",defense,"RUIZ, Raul",CA,-0.262,0,1000.0,4000.0
"FY26 NDAA, House passage",defense,"TAKANO, Mark",CA,-0.457,0,7000.0,1000.0
"FY26 NDAA, House passage",defense,"VARGAS, Juan",CA,-0.396,0,7000.0,11200.0
"FY26 NDAA, House passage",defense,"PETERS, Scott",CA,-0.194,0,27500.0,48225.0
"FY26 NDAA, House passage",defense,"DESAULNIER, Mark James",CA,-0.507,0,0.0,2000.0
"FY26 NDAA, House passage",defense,"AGUILAR, Peter Rey",CA,-0.328,0,52000.0,87260.0
"FY26 NDAA, House passage",defense,"LIEU, Ted",CA,-0.37,0,9250.0,21000.0
"FY26 NDAA, House passage",defense,"TORRES, Norma Judith",CA,-0.366,0,9000.0,12500.0
"FY26 NDAA, House passage",defense,"BARRAGÁN, Nanette Diaz",CA,-0.497,0,0.0,1000.0
"FY26 NDAA, House passage",defense,"CARBAJAL, Salud",CA,-0.323,0,24500.0,16000.0
"FY26 NDAA, House passage",defense,"CORREA, Jose Luis",CA,-0.285,0,0.0,2000.0
"FY26 NDAA, House passage",defense,"KHANNA, Ro",CA,-0.458,0,8500.0,1125.0
"FY26 NDAA, House passage",defense,"PANETTA, James Varni",CA,-0.279,0,15500.0,34000.0
"FY26 NDAA, House passage",defense,"GOMEZ, Jimmy",CA,-0.532,0,0.0,0.0
"FY26 NDAA, House passage",defense,"CISNEROS, Gil",CA,-0.457,0,12000.0,20500.0
"FY26 NDAA, House passage",defense,"HARDER, Josh",CA,-0.295,0,9000.0,5500.0
"FY26 NDAA, House passage",defense,"LEVIN, Mike",CA,-0.323,0,7800.0,12500.0
"FY26 NDAA, House passage",defense,"JACOBS, Sara",CA,-0.419,0,0.0,900.0
"FY26 NDAA, House passage",defense,"GARCIA, Robert",CA,-0.373,0,1250.0,9100.0
"FY26 NDAA, House passage",defense,"KAMLAGER-DOVE, Sydney",CA,-0.519,0,1000.0,3000.0
"FY26 NDAA, House passage",defense,"MULLIN, Kevin",CA,-0.479,0,0.0,100.0
"FY26 NDAA, House passage",defense,"FRIEDMAN, Laura",CA,-0.356,0,0.0,0.0
"FY26 NDAA, House passage",defense,"GRAY, Adam",CA,-0.235,1,1000.0,11633.0
"FY26 NDAA, House passage",defense,"LICCARDO, Sam T.",CA,-0.346,0,0.0,3000.0
"FY26 NDAA, House passage",defense,"MIN, Dave",CA,-0.207,0,6500.0,9000.0
"FY26 NDAA, House passage",defense,"RIVAS, Luz M.",CA,-0.521,0,2750.0,5914.0
"FY26 NDAA, House passage",defense,"SIMON, Lateefah",CA,-0.603,0,0.0,0.0
"FY26 NDAA, House passage",defense,"TRAN, Derek",CA,-0.233,0,12200.0,40563.0
"FY26 NDAA, House passage",defense,"WHITESIDES, George",CA,-0.204,1,24200.0,40515.0
"FY26 NDAA, House passage",defense,"WATERS, Maxine",CA,-0.656,0,0.0,0.0
"FY26 NDAA, House passage",defense,"LOFGREN, Zoe",CA,-0.396,0,1100.0,7580.0
"FY26 NDAA, House passage",defense,"SHERMAN, Brad",CA,-0.345,0,4500.0,14000.0
"FY26 NDAA, House passage",defense,"THOMPSON, Michael",CA,-0.392,0,3500.0,15500.0
"FY26 NDAA, House passage",defense,"CROW, Jason",CO,-0.361,0,18195.0,2400.0
"FY26 NDAA, House passage",defense,"NEGUSE, Joseph",CO,-0.431,0,9500.0,18050.0
"FY26 NDAA, House passage",defense,"PETTERSEN, Brittany",CO,-0.376,0,3000.0,6040.0
"FY26 NDAA, House passage",defense,"DEGETTE, Diana",CO,-0.431,0,0.0,5000.0
"FY26 NDAA, House passage",defense,"COURTNEY, Joe",CT,-0.336,0,40500.0,63000.0
"FY26 NDAA, House passage",defense,"HIMES, James A.",CT,-0.241,0,18500.0,58750.0
"FY26 NDAA, House passage",defense,"HAYES, Jahana",CT,-0.341,0,4000.0,6000.0
"FY26 NDAA, House passage",defense,"DeLAURO, Rosa L.",CT,-0.414,0,22500.0,63500.0
"FY26 NDAA, House passage",defense,"LARSON, John B.",CT,-0.396,0,8500.0,48850.0
"FY26 NDAA, House passage",defense,"MCBRIDE, Sarah",DE,-0.267,0,2000.0,7000.0
"FY26 NDAA, House passage",defense,"WASSERMAN SCHULTZ, Debbie",FL,-0.412,0,14000.0,55000.0
"FY26 NDAA, House passage",defense,"CASTOR, Kathy",FL,-0.434,0,1000.0,9500.0
"FY26 NDAA, House passage",defense,"WILSON, Frederica",FL,-0.476,0,0.0,0.0
"FY26 NDAA, House passage",defense,"FRANKEL, Lois",FL,-0.394,0,12000.0,23500.0
"FY26 NDAA, House passage",defense,"SOTO, Darren Michael",FL,-0.339,0,1000.0,9500.0
"FY26 NDAA, House passage",defense,"CHERFILUS-MCCORMICK, Sheila",FL,-0.429,0,0.0,0.0
"FY26 NDAA, House passage",defense,"FROST, Maxwell",FL,-0.442,0,108.0,373.0
"FY26 NDAA, House passage",defense,"MOSKOWITZ, Jared",FL,-0.227,0,1000.0,3400.0
"FY26 NDAA, House passage",defense,"SCOTT, David",GA,-0.305,0,0.0,0.0
"FY26 NDAA, House passage",defense,"JOHNSON, Hank",GA,-0.479,0,9500.0,7000.0
"FY26 NDAA, House passage",defense,"McBATH, Lucy",GA,-0.371,0,1000.0,1000.0
"FY26 NDAA, House passage",defense,"WILLIAMS, Nikema",GA,-0.442,0,0.0,1500.0
"FY26 NDAA, House passage",defense,"BISHOP, Sanford Dixon, Jr.",GA,-0.289,0,7500.0,24000.0
"FY26 NDAA, House passage",defense,"CASE, Ed",HI,-0.208,0,34500.0,78000.0
"FY26 NDAA, House passage",defense,"TOKUDA, Jill",HI,-0.455,0,500.0,2000.0
"FY26 NDAA, House passage",defense,"FOSTER, Bill",IL,-0.238,0,3500.0,8000.0
"FY26 NDAA, House passage",defense,"QUIGLEY, Mike",IL,-0.324,0,18000.0,38000.0
"FY26 NDAA, House passage",defense,"SCHNEIDER, Brad",IL,-0.199,0,9800.0,12450.0
"FY26 NDAA, House passage",defense,"KELLY, Robin L.",IL,-0.474,0,1500.0,0.0
"FY26 NDAA, House passage",defense,"KRISHNAMOORTHI, S. Raja",IL,-0.349,0,23000.0,5555.0
"FY26 NDAA, House passage",defense,"CASTEN, Sean",IL,-0.625,0,3500.0,6000.0
"FY26 NDAA, House passage",defense,"GARCÍA, Jesús",IL,-0.439,0,0.0,1000.0
"FY26 NDAA, House passage",defense,"UNDERWOOD, Lauren",IL,-0.597,0,0.0,8000.0
"FY26 NDAA, House passage",defense,"BUDZINSKI, Nikki",IL,-0.317,0,12000.0,18500.0
"FY26 NDAA, House passage",defense,"JACKSON, Jonathan",IL,-0.349,0,0.0,0.0
"FY26 NDAA, House passage",defense,"RAMIREZ, Delia",IL,-0.496,0,0.0,0.0
"FY26 NDAA, House passage",defense,"SORENSEN, Eric",IL,-0.24,0,13500.0,28000.0
"FY26 NDAA, House passage",defense,"DAVIS, Danny K.",IL,-0.487,0,0.0,0.0
"FY26 NDAA, House passage",defense,"SCHAKOWSKY, Janice D.",IL,-0.602,0,0.0,0.0
"FY26 NDAA, House passage",defense,"CARSON, André",IN,-0.434,0,6000.0,32000.0
"FY26 NDAA, House passage",defense,"MRVAN, Frank J.",IN,-0.299,1,15500.0,49000.0
"FY26 NDAA, House passage",defense,"DAVIDS, Sharice",KS,-0.265,0,7800.0,28500.0
"FY26 NDAA, House passage",defense,"MCGARVEY, Morgan",KY,-0.486,0,5500.0,8500.0
"FY26 NDAA, House passage",defense,"CARTER, Troy",LA,-0.521,0,9000.0,13000.0
"FY26 NDAA, House passage",defense,"FIELDS, Cleo",LA,-0.457,0,0.0,0.0
"FY26 NDAA, House passage",defense,"PINGREE, Chellie",ME,-0.421,0,10000.0,22000.0
"FY26 NDAA, House passage",defense,"GOLDEN, Jared",ME,-0.106,1,105.0,3800.0
"FY26 NDAA, House passage",defense,"HOYER, Steny Hamilton",MD,-0.381,0,27500.0,2000.0
"FY26 NDAA, House passage",defense,"MFUME, Kweisi",MD,-0.441,0,5000.0,7000.0
"FY26 NDAA, House passage",defense,"RASKIN, Jamie Ben",MD,-0.494,0,2450.0,10410.0
"FY26 NDAA, House passage",defense,"IVEY, Glenn",MD,-0.466,0,12000.0,29500.0
"FY26 NDAA, House passage",defense,"ELFRETH, Sarah",MD,-0.373,0,24000.0,49000.0
"FY26 NDAA, House passage",defense,"MCCLAIN DELANEY, April",MD,-0.29,1,5500.0,13500.0
"FY26 NDAA, House passage",defense,"OLSZEWSKI, Johnny, Jr.",MD,-0.378,0,5500.0,14500.0
"FY26 NDAA, House passage",defense,"NEAL, Richard Edmund",MA,-0.417,0,6000.0,20000.0
"FY26 NDAA, House passage",defense,"LYNCH, Stephen F.",MA,-0.342,0,1000.0,8500.0
"FY26 NDAA, House passage",defense,"KEATING, William R.",MA,-0.329,0,7000.0,15000.0
"FY26 NDAA, House passage",defense,"CLARK, Katherine M.",MA,-0.478,0,42500.0,50500.0
"FY26 NDAA, House passage",defense,"MOULTON, Seth",MA,-0.286,0,39250.0,17250.0
"FY26 NDAA, House passage",defense,"PRESSLEY, Ayanna",MA,-0.375,0,0.0,0.0
"FY26 NDAA, House passage",defense,"TRAHAN, Lori",MA,-0.416,0,5500.0,28000.0
"FY26 NDAA, House passage",defense,"AUCHINCLOSS, Jake",MA,-0.272,0,25350.0,6000.0
"FY26 NDAA, House passage",defense,"McGOVERN, James P.",MA,-0.538,0,0.0,0.0
"FY26 NDAA, House passage",defense,"DINGELL, Debbie",MI,-0.397,0,3500.0,5500.0
"FY26 NDAA, House passage",defense,"STEVENS, Haley",MI,-0.361,0,10250.0,8000.0
"FY26 NDAA, House passage",defense,"TLAIB, Rashida",MI,-0.29,0,180.0,845.0
"FY26 NDAA, House passage",defense,"SCHOLTEN, Hillary",MI,-0.261,0,4000.0,10500.0
"FY26 NDAA, House passage",defense,"THANEDAR, Shri",MI,-0.35,0,1000.0,3500.0
"FY26 NDAA, House passage",defense,"MCDONALD RIVET, Kristen",MI,-0.244,1,3000.0,24500.0
"FY26 NDAA, House passage",defense,"MCCOLLUM, Betty",MN,-0.419,0,48500.0,77500.0
"FY26 NDAA, House passage",defense,"CRAIG, Angela",MN,-0.273,0,500.0,4100.0
"FY26 NDAA, House passage",defense,"OMAR, Ilhan",MN,-0.296,0,0.0,0.0
"FY26 NDAA, House passage",defense,"MORRISON, Kelly",MN,-0.347,0,1000.0,-1000.0
"FY26 NDAA, House passage",defense,"THOMPSON, Bennie",MS,-0.52,0,6000.0,13500.0
"FY26 NDAA, House passage",defense,"BELL, Wesley",MO,-0.455,0,16500.0,49350.0
"FY26 NDAA, House passage",defense,"HORSFORD, Steven",NV,-0.311,1,12000.0,20000.0
"FY26 NDAA, House passage",defense,"LEE, Susie",NV,-0.225,1,27500.0,57500.0
"FY26 NDAA, House passage",defense,"PAPPAS, Chris",NH,-0.233,0,3000.0,6649.0
"FY26 NDAA, House passage",defense,"GOODLANDER, Maggie",NH,-0.21,0,8500.0,10500.0
"FY26 NDAA, House passage",defense,"PALLONE, Frank, Jr.",NJ,-0.403,0,6000.0,12000.0
"FY26 NDAA, House passage",defense,"NORCROSS, Donald",NJ,-0.421,0,36000.0,78250.0
"FY26 NDAA, House passage",defense,"WATSON COLEMAN, Bonnie",NJ,-0.592,0,0.0,0.0
"FY26 NDAA, House passage",defense,"GOTTHEIMER, Josh S.",NJ,-0.165,1,2000.0,9000.0
"FY26 NDAA, House passage",defense,"MENENDEZ, Robert",NJ,-0.508,0,1000.0,4000.0
"FY26 NDAA, House passage",defense,"MCIVER, LaMonica",NJ,-0.539,0,0.0,1100.0
"FY26 NDAA, House passage",defense,"CONAWAY, Herbert C., Jr.",NJ,-0.299,0,3000.0,13000.0
"FY26 NDAA, House passage",defense,"POU, Nellie",NJ,-0.308,0,6000.0,12000.0
"FY26 NDAA, House passage",defense,"LEGER FERNANDEZ, Teresa",NM,-0.366,0,1000.0,0.0
"FY26 NDAA, House passage",defense,"STANSBURY, Melanie Ann",NM,-0.432,0,0.0,0.0
"FY26 NDAA, House passage",defense,"VASQUEZ, Gabriel",NM,-0.32,0,22500.0,40000.0
"FY26 NDAA, House passage",defense,"CLARKE, Yvette Diane",NY,-0.607,0,5000.0,0.0
"FY26 NDAA, House passage",defense,"TONKO, Paul",NY,-0.416,0,2000.0,8500.0
"FY26 NDAA, House passage",defense,"MENG, Grace",NY,-0.371,0,6250.0,34500.0
"FY26 NDAA, House passage",defense,"JEFFRIES, Hakeem",NY,-0.483,0,20444.0,71013.0
"FY26 NDAA, House passage",defense,"ESPAILLAT, Adriano J.",NY,-0.526,0,0.0,500.0
"FY26 NDAA, House passage",defense,"SUOZZI, Thomas",NY,-0.213,0,23000.0,20000.0
"FY26 NDAA, House passage",defense,"MORELLE, Joseph",NY,-0.331,0,32500.0,72800.0
"FY26 NDAA, House passage",defense,"OCASIO-CORTEZ, Alexandria",NY,-0.333,0,6098.0,11126.0
"FY26 NDAA, House passage",defense,"TORRES, Ritchie",NY,-0.311,0,0.0,1000.0
"FY26 NDAA, House passage",defense,"RYAN, Patrick",NY,-0.225,0,49300.0,8750.0
"FY26 NDAA, House passage",defense,"GOLDMAN, Daniel",NY,-0.448,0,0.0,1000.0
"FY26 NDAA, House passage",defense,"KENNEDY, Timothy M.",NY,-0.385,0,8000.0,4750.0
"FY26 NDAA, House passage",defense,"GILLEN, Laura",NY,-0.166,1,4000.0,11500.0
"FY26 NDAA, House passage",defense,"LATIMER, George",NY,-0.402,0,1000.0,2000.0
"FY26 NDAA, House passage",defense,"MANNION, John W.",NY,-0.238,0,4000.0,20490.0
"FY26 NDAA, House passage",defense,"RILEY, Josh",NY,-0.202,0,8250.0,18850.0
"FY26 NDAA, House passage",defense,"NADLER, Jerrold Lewis",NY,-0.507,0,0.0,0.0
"FY26 NDAA, House passage",defense,"VELÁZQUEZ, Nydia M.",NY,-0.546,0,0.0,0.0
"FY26 NDAA, House passage",defense,"MEEKS, Gregory W.",NY,-0.415,0,18000.0,51000.0
"FY26 NDAA, House passage",defense,"ADAMS, Alma",NC,-0.464,0,0.0,0.0
"FY26 NDAA, House passage",defense,"ROSS, Deborah K.",NC,-0.389,0,2000.0,1000.0
"FY26 NDAA, House passage",defense,"DAVIS, Don",NC,-0.241,1,12500.0,44000.0
"FY26 NDAA, House passage",defense,"FOUSHEE, Valerie",NC,-0.5,0,4000.0,13000.0
"FY26 NDAA, House passage",defense,"KAPTUR, Marcia Carolyn (Marcy)",OH,-0.34,1,23306.0,41504.0
"FY26 NDAA, House passage",defense,"BEATTY, Joyce",OH,-0.441,0,5500.0,4000.0
"FY26 NDAA, House passage",defense,"BROWN, Shontel M.",OH,-0.476,0,1000.0,0.0
"FY26 NDAA, House passage",defense,"LANDSMAN, Greg",OH,-0.226,0,0.0,500.0
"FY26 NDAA, House passage",defense,"SYKES, Emilia",OH,-0.333,1,2000.0,10000.0
"FY26 NDAA, House passage",defense,"BONAMICI, Suzanne",OR,-0.401,0,1000.0,12000.0
"FY26 NDAA, House passage",defense,"HOYLE, Val",OR,-0.233,0,1000.0,6000.0
"FY26 NDAA, House passage",defense,"SALINAS, Andrea",OR,-0.227,0,2000.0,3500.0
"FY26 NDAA, House passage",defense,"BYNUM, Janelle S.",OR,-0.288,0,2000.0,2133.0
"FY26 NDAA, House passage",defense,"DEXTER, Maxine",OR,-0.459,0,0.0,2500.0
"FY26 NDAA, House passage",defense,"BOYLE, Brendan Francis",PA,-0.379,0,4500.0,10000.0
"FY26 NDAA, House passage",defense,"SCANLON, Mary Gay",PA,-0.46,0,5500.0,8500.0
"FY26 NDAA, House passage",defense,"DEAN, Madeleine",PA,-0.436,0,17500.0,24500.0
"FY26 NDAA, House passage",defense,"HOULAHAN, Christina",PA,-0.258,0,13750.0,36250.0
"FY26 NDAA, House passage",defense,"DELUZIO, Chris",PA,-0.263,0,6500.0,11500.0
"FY26 NDAA, House passage",defense,"LEE, Summer",PA,-0.45,0,0.0,500.0
"FY26 NDAA, House passage",defense,"MAGAZINER, Seth",RI,-0.303,0,16300.0,31250.0
"FY26 NDAA, House passage",defense,"AMO, Gabe",RI,-0.426,0,24750.0,38250.0
"FY26 NDAA, House passage",defense,"CLYBURN, James Enos",SC,-0.466,0,5000.0,28000.0
"FY26 NDAA, House passage",defense,"COHEN, Stephen",TN,-0.388,0,8000.0,6000.0
"FY26 NDAA, House passage",defense,"GREEN, Al",TX,-0.448,0,0.0,0.0
"FY26 NDAA, House passage",defense,"CUELLAR, Henry",TX,-0.225,1,3500.0,28000.0
"FY26 NDAA, House passage",defense,"CASTRO, Joaquin",TX,-0.403,0,0.0,1000.0
"FY26 NDAA, House passage",defense,"VEASEY, Marc",TX,-0.409,0,19300.0,5000.0
"FY26 NDAA, House passage",defense,"GONZALEZ, Vicente, Jr.",TX,-0.385,1,250.0,9000.0
"FY26 NDAA, House passage",defense,"ESCOBAR, Veronica",TX,-0.466,0,13500.0,42000.0
"FY26 NDAA, House passage",defense,"FLETCHER, Elizabeth",TX,-0.546,0,0.0,3000.0
"FY26 NDAA, House passage",defense,"GARCIA, Sylvia",TX,-0.764,0,0.0,3000.0
"FY26 NDAA, House passage",defense,"CASAR, Greg",TX,-0.429,0,0.0,0.0
"FY26 NDAA, House passage",defense,"CROCKETT, Jasmine",TX,-0.495,0,7129.0,4883.0
"FY26 NDAA, House passage",defense,"JOHNSON, Julie",TX,-0.353,0,0.0,0.0
"FY26 NDAA, House passage",defense,"DOGGETT, Lloyd Alton, II",TX,-0.403,0,0.0,0.0
"FY26 NDAA, House passage",defense,"BALINT, Becca",VT,-0.442,0,0.0,0.0
"FY26 NDAA, House passage",defense,"BEYER, Donald Sternoff Jr.",VA,-0.392,0,9500.0,37600.0
"FY26 NDAA, House passage",defense,"MCCLELLAN, Jennifer",VA,-0.555,0,8500.0,13500.0
"FY26 NDAA, House passage",defense,"SUBRAMANYAM, Suhas",VA,-0.238,0,6250.0,42540.0
"FY26 NDAA, House passage",defense,"VINDMAN, Eugene Simon",VA,-0.174,1,13200.0,51537.0
"FY26 NDAA, House passage",defense,"WALKINSHAW, James R.",VA,-0.428,0,31250.0,94050.0
"FY26 NDAA, House passage",defense,"SCOTT, Robert C.",VA,-0.45,0,1000.0,18500.0
"FY26 NDAA, House passage",defense,"LARSEN, Richard Ray (Rick)",WA,-0.365,0,10500.0,61200.0
"FY26 NDAA, House passage",defense,"JAYAPAL, Pramila",WA,-0.607,0,402.0,375.0
"FY26 NDAA, House passage",defense,"SCHRIER, Kim",WA,-0.275,0,1945.0,8610.0
"FY26 NDAA, House passage",defense,"STRICKLAND, Marilyn",WA,-0.443,0,15000.0,26508.0
"FY26 NDAA, House passage",defense,"PEREZ, Marie Gluesenkamp",WA,-0.099,1,3500.0,1647.0
"FY26 NDAA, House passage",defense,"RANDALL, Emily",WA,-0.572,0,51.0,1300.0
"FY26 NDAA, House passage",defense,"SMITH, Adam",WA,-0.291,0,116000.0,168550.0
"FY26 NDAA, House passage",defense,"DELBENE, Suzan K.",WA,-0.296,0,19486.0,30760.0
"FY26 NDAA, House passage",defense,"MOORE, Gwendolynne S. (Gwen)",WI,-0.52,0,0.0,12500.0
"FY26 NDAA, House passage",defense,"POCAN, Mark",WI,-0.521,0,0.0,0.0
"FY26 NDAA, Senate passage",defense,"GALLEGO, Ruben",AZ,-0.356,1,2000.0,2500.0
"FY26 NDAA, Senate passage",defense,"KELLY, Mark Edward",AZ,-0.274,1,0.0,0.0
"FY26 NDAA, Senate passage",defense,"SCHIFF, Adam",CA,-0.353,0,-5000.0,0.0
"FY26 NDAA, Senate passage",defense,"PADILLA, Alejandro (Alex)",CA,-0.442,0,2500.0,1000.0
"FY26 NDAA, Senate passage",defense,"BENNET, Michael F.",CO,-0.246,1,0.0,0.0
"FY26 NDAA, Senate passage",defense,"HICKENLOOPER, John Wright",CO,-0.299,1,1009.0,588.0
"FY26 NDAA, Senate passage",defense,"MURPHY, Christopher",CT,-0.29,0,0.0,0.0
"FY26 NDAA, Senate passage",defense,"BLUMENTHAL, Richard",CT,-0.434,1,0.0,1000.0
"FY26 NDAA, Senate passage",defense,"BLUNT ROCHESTER, Lisa",DE,-0.397,1,0.0,0.0
"FY26 NDAA, Senate passage",defense,"COONS, Christopher A.",DE,-0.24,1,47400.0,106850.0
"FY26 NDAA, Senate passage",defense,"OSSOFF, Thomas Jonathan (Jon)",GA,-0.464,1,8569.0,26439.0
"FY26 NDAA, Senate passage",defense,"WARNOCK, Raphael Gamaliel",GA,-0.443,1,0.0,0.0
"FY26 NDAA, Senate passage",defense,"HIRONO, Mazie",HI,-0.51,1,4500.0,0.0
"FY26 NDAA, Senate passage",defense,"SCHATZ, Brian Emanuel",HI,-0.441,0,8500.0,6000.0
"FY26 NDAA, Senate passage",defense,"DURBIN, Richard Joseph",IL,-0.338,0,0.0,0.0
"FY26 NDAA, Senate passage",defense,"DUCKWORTH, Tammy",IL,-0.347,0,1000.0,3000.0
"FY26 NDAA, Senate passage",defense,"VAN HOLLEN, Christopher",MD,-0.399,0,2000.0,2500.0
"FY26 NDAA, Senate passage",defense,"ALSOBROOKS, Angela Deneece",MD,-0.455,1,11000.0,-4000.0
"FY26 NDAA, Senate passage",defense,"MARKEY, Edward John",MA,-0.518,0,225.0,250.0
"FY26 NDAA, Senate passage",defense,"WARREN, Elizabeth",MA,-0.745,0,0.0,0.0
"FY26 NDAA, Senate passage",defense,"PETERS, Gary C.",MI,-0.252,1,-9980.0,0.0
"FY26 NDAA, Senate passage",defense,"SLOTKIN, Elissa",MI,-0.367,1,0.0,0.0
"FY26 NDAA, Senate passage",defense,"KLOBUCHAR, Amy",MN,-0.278,1,0.0,0.0
"FY26 NDAA, Senate passage",defense,"SMITH, Tina",MN,-0.408,0,0.0,0.0
"FY26 NDAA, Senate passage",defense,"ROSEN, Jacklyn Sheryl",NV,-0.284,1,6000.0,5000.0
"FY26 NDAA, Senate passage",defense,"SHAHEEN, Jeanne",NH,-0.216,1,-6135.0,0.0
"FY26 NDAA, Senate passage",defense,"HASSAN, Margaret Wood (Maggie)",NH,-0.225,1,0.0,7000.0
"FY26 NDAA, Senate passage",defense,"KIM, Andy",NJ,-0.428,0,0.0,0.0
"FY26 NDAA, Senate passage",defense,"BOOKER, Cory Anthony",NJ,-0.556,0,639.0,988.0
"FY26 NDAA, Senate passage",defense,"HEINRICH, Martin",NM,-0.331,1,7500.0,4000.0
"FY26 NDAA, Senate passage",defense,"LUJÁN, Ben Ray",NM,-0.38,1,1054.0,20000.0
"FY26 NDAA, Senate passage",defense,"SCHUMER, Charles Ellis (Chuck)",NY,-0.356,1,0.0,8000.0
"FY26 NDAA, Senate passage",defense,"GILLIBRAND, Kirsten",NY,-0.446,1,4500.0,3500.0
"FY26 NDAA, Senate passage",defense,"WYDEN, Ronald Lee",OR,-0.335,0,0.0,5000.0
"FY26 NDAA, Senate passage",defense,"MERKLEY, Jeff",OR,-0.453,0,50.0,540.0
"FY26 NDAA, Senate passage",defense,"FETTERMAN, John Karl",PA,-0.177,1,0.0,0.0
"FY26 NDAA, Senate passage",defense,"REED, John F. (Jack)",RI,-0.36,1,47050.0,54500.0
"FY26 NDAA, Senate passage",defense,"WHITEHOUSE, Sheldon",RI,-0.34,1,0.0,0.0
"FY26 NDAA, Senate passage",defense,"WELCH, Peter",VT,-0.399,0,0.0,0.0
"FY26 NDAA, Senate passage",defense,"WARNER, Mark R.",VA,-0.216,1,52320.0,31933.0
"FY26 NDAA, Senate passage",defense,"KAINE, Timothy Michael (Tim)",VA,-0.233,1,2000.0,8000.0
"FY26 NDAA, Senate passage",defense,"CANTWELL, Maria E.",WA,-0.308,0,0.0,0.0
"FY26 NDAA, Senate passage",defense,"MURRAY, Patty",WA,-0.357,0,2500.0,2500.0
"FY26 NDAA, Senate passage",defense,"BALDWIN, Tammy",WI,-0.484,0,1000.0,4000.0
Block Israel arms sale (Apr 2025),pro_israel,"GALLEGO, Ruben",AZ,-0.356,1,0.0,0.0
Block Israel arms sale (Apr 2025),pro_israel,"KELLY, Mark Edward",AZ,-0.274,1,0.0,100.0
Block Israel arms sale (Apr 2025),pro_israel,"SCHIFF, Adam",CA,-0.353,1,0.0,0.0
Block Israel arms sale (Apr 2025),pro_israel,"PADILLA, Alejandro (Alex)",CA,-0.442,1,0.0,0.0
Block Israel arms sale (Apr 2025),pro_israel,"BENNET, Michael F.",CO,-0.246,1,0.0,0.0
Block Israel arms sale (Apr 2025),pro_israel,"HICKENLOOPER, John Wright",CO,-0.299,1,0.0,314294.0
Block Israel arms sale (Apr 2025),pro_israel,"MURPHY, Christopher",CT,-0.29,0,0.0,0.0
Block Israel arms sale (Apr 2025),pro_israel,"BLUMENTHAL, Richard",CT,-0.434,1,0.0,0.0
Block Israel arms sale (Apr 2025),pro_israel,"BLUNT ROCHESTER, Lisa",DE,-0.397,1,0.0,0.0
Block Israel arms sale (Apr 2025),pro_israel,"COONS, Christopher A.",DE,-0.24,1,2600.0,477623.0
Block Israel arms sale (Apr 2025),pro_israel,"OSSOFF, Thomas Jonathan (Jon)",GA,-0.464,1,0.0,1780.0
Block Israel arms sale (Apr 2025),pro_israel,"WARNOCK, Raphael Gamaliel",GA,-0.443,1,0.0,2500.0
Block Israel arms sale (Apr 2025),pro_israel,"HIRONO, Mazie",HI,-0.51,0,0.0,0.0
Block Israel arms sale (Apr 2025),pro_israel,"SCHATZ, Brian Emanuel",HI,-0.441,0,0.0,0.0
Block Israel arms sale (Apr 2025),pro_israel,"DURBIN, Richard Joseph",IL,-0.338,0,0.0,0.0
Block Israel arms sale (Apr 2025),pro_israel,"DUCKWORTH, Tammy",IL,-0.347,1,0.0,0.0
Block Israel arms sale (Apr 2025),pro_israel,"VAN HOLLEN, Christopher",MD,-0.399,0,0.0,0.0
Block Israel arms sale (Apr 2025),pro_israel,"ALSOBROOKS, Angela Deneece",MD,-0.455,1,0.0,0.0
Block Israel arms sale (Apr 2025),pro_israel,"MARKEY, Edward John",MA,-0.518,0,2500.0,0.0
Block Israel arms sale (Apr 2025),pro_israel,"WARREN, Elizabeth",MA,-0.745,0,0.0,0.0
Block Israel arms sale (Apr 2025),pro_israel,"PETERS, Gary C.",MI,-0.252,1,0.0,0.0
Block Israel arms sale (Apr 2025),pro_israel,"SLOTKIN, Elissa",MI,-0.367,1,0.0,0.0
Block Israel arms sale (Apr 2025),pro_israel,"KLOBUCHAR, Amy",MN,-0.278,1,0.0,0.0
Block Israel arms sale (Apr 2025),pro_israel,"SMITH, Tina",MN,-0.408,0,0.0,0.0
Block Israel arms sale (Apr 2025),pro_israel,"ROSEN, Jacklyn Sheryl",NV,-0.284,1,0.0,0.0
Block Israel arms sale (Apr 2025),pro_israel,"CORTEZ MASTO, Catherine Marie",NV,-0.345,1,0.0,0.0
Block Israel arms sale (Apr 2025),pro_israel,"SHAHEEN, Jeanne",NH,-0.216,1,0.0,0.0
Block Israel arms sale (Apr 2025),pro_israel,"HASSAN, Margaret Wood (Maggie)",NH,-0.225,1,0.0,0.0
Block Israel arms sale (Apr 2025),pro_israel,"KIM, Andy",NJ,-0.428,0,0.0,0.0
Block Israel arms sale (Apr 2025),pro_israel,"BOOKER, Cory Anthony",NJ,-0.556,1,296725.0,417949.0
Block Israel arms sale (Apr 2025),pro_israel,"HEINRICH, Martin",NM,-0.331,0,0.0,0.0
Block Israel arms sale (Apr 2025),pro_israel,"LUJÁN, Ben Ray",NM,-0.38,0,0.0,0.0
Block Israel arms sale (Apr 2025),pro_israel,"SCHUMER, Charles Ellis (Chuck)",NY,-0.356,1,0.0,0.0
Block Israel arms sale (Apr 2025),pro_israel,"GILLIBRAND, Kirsten",NY,-0.446,1,4000.0,0.0
Block Israel arms sale (Apr 2025),pro_israel,"WYDEN, Ronald Lee",OR,-0.335,1,0.0,0.0
Block Israel arms sale (Apr 2025),pro_israel,"MERKLEY, Jeff",OR,-0.453,0,0.0,0.0
Block Israel arms sale (Apr 2025),pro_israel,"FETTERMAN, John Karl",PA,-0.177,1,0.0,0.0
Block Israel arms sale (Apr 2025),pro_israel,"REED, John F. (Jack)",RI,-0.36,1,0.0,270543.0
Block Israel arms sale (Apr 2025),pro_israel,"WHITEHOUSE, Sheldon",RI,-0.34,1,2500.0,0.0
Block Israel arms sale (Apr 2025),pro_israel,"WELCH, Peter",VT,-0.399,0,0.0,0.0
Block Israel arms sale (Apr 2025),pro_israel,"WARNER, Mark R.",VA,-0.216,1,102750.0,364412.0
Block Israel arms sale (Apr 2025),pro_israel,"KAINE, Timothy Michael (Tim)",VA,-0.233,0,0.0,0.0
Block Israel arms sale (Apr 2025),pro_israel,"CANTWELL, Maria E.",WA,-0.308,1,0.0,0.0
Block Israel arms sale (Jul 2025),pro_israel,"SCHIFF, Adam",CA,-0.353,1,0.0,0.0
Block Israel arms sale (Jul 2025),pro_israel,"PADILLA, Alejandro (Alex)",CA,-0.442,1,0.0,0.0
Block Israel arms sale (Jul 2025),pro_israel,"BENNET, Michael F.",CO,-0.246,1,0.0,0.0
Block Israel arms sale (Jul 2025),pro_israel,"HICKENLOOPER, John Wright",CO,-0.299,1,79100.0,235194.0
Block Israel arms sale (Jul 2025),pro_israel,"MURPHY, Christopher",CT,-0.29,0,0.0,0.0
Block Israel arms sale (Jul 2025),pro_israel,"BLUMENTHAL, Richard",CT,-0.434,1,0.0,0.0
Block Israel arms sale (Jul 2025),pro_israel,"BLUNT ROCHESTER, Lisa",DE,-0.397,0,0.0,0.0
Block Israel arms sale (Jul 2025),pro_israel,"COONS, Christopher A.",DE,-0.24,1,84400.0,395823.0
Block Israel arms sale (Jul 2025),pro_israel,"OSSOFF, Thomas Jonathan (Jon)",GA,-0.464,1,30.0,1750.0
Block Israel arms sale (Jul 2025),pro_israel,"WARNOCK, Raphael Gamaliel",GA,-0.443,0,0.0,2500.0
Block Israel arms sale (Jul 2025),pro_israel,"HIRONO, Mazie",HI,-0.51,0,0.0,0.0
Block Israel arms sale (Jul 2025),pro_israel,"SCHATZ, Brian Emanuel",HI,-0.441,0,0.0,0.0
Block Israel arms sale (Jul 2025),pro_israel,"DURBIN, Richard Joseph",IL,-0.338,0,0.0,0.0
Block Israel arms sale (Jul 2025),pro_israel,"DUCKWORTH, Tammy",IL,-0.347,0,0.0,0.0
Block Israel arms sale (Jul 2025),pro_israel,"VAN HOLLEN, Christopher",MD,-0.399,0,0.0,0.0
Block Israel arms sale (Jul 2025),pro_israel,"ALSOBROOKS, Angela Deneece",MD,-0.455,0,0.0,0.0
Block Israel arms sale (Jul 2025),pro_israel,"MARKEY, Edward John",MA,-0.518,0,2500.0,0.0
Block Israel arms sale (Jul 2025),pro_israel,"WARREN, Elizabeth",MA,-0.745,0,0.0,0.0
Block Israel arms sale (Jul 2025),pro_israel,"PETERS, Gary C.",MI,-0.252,1,0.0,0.0
Block Israel arms sale (Jul 2025),pro_israel,"KLOBUCHAR, Amy",MN,-0.278,0,0.0,0.0
Block Israel arms sale (Jul 2025),pro_israel,"SMITH, Tina",MN,-0.408,0,0.0,0.0
Block Israel arms sale (Jul 2025),pro_israel,"ROSEN, Jacklyn Sheryl",NV,-0.284,1,0.0,0.0
Block Israel arms sale (Jul 2025),pro_israel,"CORTEZ MASTO, Catherine Marie",NV,-0.345,1,0.0,0.0
Block Israel arms sale (Jul 2025),pro_israel,"SHAHEEN, Jeanne",NH,-0.216,0,0.0,0.0
Block Israel arms sale (Jul 2025),pro_israel,"HASSAN, Margaret Wood (Maggie)",NH,-0.225,1,0.0,0.0
Block Israel arms sale (Jul 2025),pro_israel,"KIM, Andy",NJ,-0.428,0,0.0,0.0
Block Israel arms sale (Jul 2025),pro_israel,"BOOKER, Cory Anthony",NJ,-0.556,1,473875.0,240799.0
Block Israel arms sale (Jul 2025),pro_israel,"HEINRICH, Martin",NM,-0.331,0,0.0,0.0
Block Israel arms sale (Jul 2025),pro_israel,"LUJÁN, Ben Ray",NM,-0.38,0,0.0,0.0
Block Israel arms sale (Jul 2025),pro_israel,"SCHUMER, Charles Ellis (Chuck)",NY,-0.356,1,0.0,0.0
Block Israel arms sale (Jul 2025),pro_israel,"GILLIBRAND, Kirsten",NY,-0.446,1,4000.0,0.0
Block Israel arms sale (Jul 2025),pro_israel,"WYDEN, Ronald Lee",OR,-0.335,1,0.0,0.0
Block Israel arms sale (Jul 2025),pro_israel,"MERKLEY, Jeff",OR,-0.453,0,0.0,0.0
Block Israel arms sale (Jul 2025),pro_israel,"FETTERMAN, John Karl",PA,-0.177,1,0.0,0.0
Block Israel arms sale (Jul 2025),pro_israel,"REED, John F. (Jack)",RI,-0.36,1,0.0,270543.0
Block Israel arms sale (Jul 2025),pro_israel,"WHITEHOUSE, Sheldon",RI,-0.34,1,2500.0,0.0
Block Israel arms sale (Jul 2025),pro_israel,"WELCH, Peter",VT,-0.399,0,0.0,0.0
Block Israel arms sale (Jul 2025),pro_israel,"WARNER, Mark R.",VA,-0.216,1,185250.0,281912.0
Block Israel arms sale (Jul 2025),pro_israel,"KAINE, Timothy Michael (Tim)",VA,-0.233,0,0.0,0.0
Block Israel arms sale (Jul 2025),pro_israel,"CANTWELL, Maria E.",WA,-0.308,1,0.0,0.0
Block Israel arms sale (Jul 2025),pro_israel,"MURRAY, Patty",WA,-0.357,0,0.0,0.0
Block Israel arms sale (Jul 2025),pro_israel,"BALDWIN, Tammy",WI,-0.484,0,-2500.0,0.0
Block Israel arms export (Jul 2025),pro_israel,"SCHIFF, Adam",CA,-0.353,1,0.0,0.0
Block Israel arms export (Jul 2025),pro_israel,"PADILLA, Alejandro (Alex)",CA,-0.442,1,0.0,0.0
Block Israel arms export (Jul 2025),pro_israel,"BENNET, Michael F.",CO,-0.246,1,0.0,0.0
Block Israel arms export (Jul 2025),pro_israel,"HICKENLOOPER, John Wright",CO,-0.299,1,79100.0,235194.0
Block Israel arms export (Jul 2025),pro_israel,"MURPHY, Christopher",CT,-0.29,0,0.0,0.0
Block Israel arms export (Jul 2025),pro_israel,"BLUMENTHAL, Richard",CT,-0.434,1,0.0,0.0
Block Israel arms export (Jul 2025),pro_israel,"BLUNT ROCHESTER, Lisa",DE,-0.397,0,0.0,0.0
Block Israel arms export (Jul 2025),pro_israel,"COONS, Christopher A.",DE,-0.24,1,84400.0,395823.0
Block Israel arms export (Jul 2025),pro_israel,"OSSOFF, Thomas Jonathan (Jon)",GA,-0.464,0,30.0,1750.0
Block Israel arms export (Jul 2025),pro_israel,"WARNOCK, Raphael Gamaliel",GA,-0.443,0,0.0,2500.0
Block Israel arms export (Jul 2025),pro_israel,"HIRONO, Mazie",HI,-0.51,0,0.0,0.0
Block Israel arms export (Jul 2025),pro_israel,"SCHATZ, Brian Emanuel",HI,-0.441,0,0.0,0.0
Block Israel arms export (Jul 2025),pro_israel,"DURBIN, Richard Joseph",IL,-0.338,0,0.0,0.0
Block Israel arms export (Jul 2025),pro_israel,"DUCKWORTH, Tammy",IL,-0.347,0,0.0,0.0
Block Israel arms export (Jul 2025),pro_israel,"VAN HOLLEN, Christopher",MD,-0.399,0,0.0,0.0
Block Israel arms export (Jul 2025),pro_israel,"ALSOBROOKS, Angela Deneece",MD,-0.455,0,0.0,0.0
Block Israel arms export (Jul 2025),pro_israel,"MARKEY, Edward John",MA,-0.518,0,2500.0,0.0
Block Israel arms export (Jul 2025),pro_israel,"WARREN, Elizabeth",MA,-0.745,0,0.0,0.0
Block Israel arms export (Jul 2025),pro_israel,"PETERS, Gary C.",MI,-0.252,1,0.0,0.0
Block Israel arms export (Jul 2025),pro_israel,"KLOBUCHAR, Amy",MN,-0.278,0,0.0,0.0
Block Israel arms export (Jul 2025),pro_israel,"SMITH, Tina",MN,-0.408,0,0.0,0.0
Block Israel arms export (Jul 2025),pro_israel,"ROSEN, Jacklyn Sheryl",NV,-0.284,1,0.0,0.0
Block Israel arms export (Jul 2025),pro_israel,"CORTEZ MASTO, Catherine Marie",NV,-0.345,1,0.0,0.0
Block Israel arms export (Jul 2025),pro_israel,"SHAHEEN, Jeanne",NH,-0.216,0,0.0,0.0
Block Israel arms export (Jul 2025),pro_israel,"HASSAN, Margaret Wood (Maggie)",NH,-0.225,1,0.0,0.0
Block Israel arms export (Jul 2025),pro_israel,"KIM, Andy",NJ,-0.428,0,0.0,0.0
Block Israel arms export (Jul 2025),pro_israel,"BOOKER, Cory Anthony",NJ,-0.556,1,473875.0,240799.0
Block Israel arms export (Jul 2025),pro_israel,"HEINRICH, Martin",NM,-0.331,0,0.0,0.0
Block Israel arms export (Jul 2025),pro_israel,"LUJÁN, Ben Ray",NM,-0.38,0,0.0,0.0
Block Israel arms export (Jul 2025),pro_israel,"SCHUMER, Charles Ellis (Chuck)",NY,-0.356,1,0.0,0.0
Block Israel arms export (Jul 2025),pro_israel,"GILLIBRAND, Kirsten",NY,-0.446,1,4000.0,0.0
Block Israel arms export (Jul 2025),pro_israel,"WYDEN, Ronald Lee",OR,-0.335,1,0.0,0.0
Block Israel arms export (Jul 2025),pro_israel,"MERKLEY, Jeff",OR,-0.453,0,0.0,0.0
Block Israel arms export (Jul 2025),pro_israel,"FETTERMAN, John Karl",PA,-0.177,1,0.0,0.0
Block Israel arms export (Jul 2025),pro_israel,"REED, John F. (Jack)",RI,-0.36,0,0.0,270543.0
Block Israel arms export (Jul 2025),pro_israel,"WHITEHOUSE, Sheldon",RI,-0.34,0,2500.0,0.0
Block Israel arms export (Jul 2025),pro_israel,"WELCH, Peter",VT,-0.399,0,0.0,0.0
Block Israel arms export (Jul 2025),pro_israel,"WARNER, Mark R.",VA,-0.216,1,185250.0,281912.0
Block Israel arms export (Jul 2025),pro_israel,"KAINE, Timothy Michael (Tim)",VA,-0.233,0,0.0,0.0
Block Israel arms export (Jul 2025),pro_israel,"CANTWELL, Maria E.",WA,-0.308,1,0.0,0.0
Block Israel arms export (Jul 2025),pro_israel,"MURRAY, Patty",WA,-0.357,0,0.0,0.0
Block Israel arms export (Jul 2025),pro_israel,"BALDWIN, Tammy",WI,-0.484,0,-2500.0,0.0
Block Israel arms sale (Apr 2026),pro_israel,"GALLEGO, Ruben",AZ,-0.356,0,0.0,0.0
Block Israel arms sale (Apr 2026),pro_israel,"KELLY, Mark Edward",AZ,-0.274,0,100.0,0.0
Block Israel arms sale (Apr 2026),pro_israel,"SCHIFF, Adam",CA,-0.353,0,0.0,0.0
Block Israel arms sale (Apr 2026),pro_israel,"PADILLA, Alejandro (Alex)",CA,-0.442,0,0.0,0.0
Block Israel arms sale (Apr 2026),pro_israel,"BENNET, Michael F.",CO,-0.246,0,0.0,0.0
Block Israel arms sale (Apr 2026),pro_israel,"HICKENLOOPER, John Wright",CO,-0.299,0,300294.0,14000.0
Block Israel arms sale (Apr 2026),pro_israel,"MURPHY, Christopher",CT,-0.29,0,0.0,0.0
Block Israel arms sale (Apr 2026),pro_israel,"BLUMENTHAL, Richard",CT,-0.434,1,0.0,0.0
Block Israel arms sale (Apr 2026),pro_israel,"BLUNT ROCHESTER, Lisa",DE,-0.397,0,0.0,0.0
Block Israel arms sale (Apr 2026),pro_israel,"COONS, Christopher A.",DE,-0.24,1,412473.0,67750.0
Block Israel arms sale (Apr 2026),pro_israel,"OSSOFF, Thomas Jonathan (Jon)",GA,-0.464,0,1780.0,0.0
Block Israel arms sale (Apr 2026),pro_israel,"WARNOCK, Raphael Gamaliel",GA,-0.443,0,0.0,2500.0
Block Israel arms sale (Apr 2026),pro_israel,"HIRONO, Mazie",HI,-0.51,0,0.0,0.0
Block Israel arms sale (Apr 2026),pro_israel,"SCHATZ, Brian Emanuel",HI,-0.441,0,0.0,0.0
Block Israel arms sale (Apr 2026),pro_israel,"DURBIN, Richard Joseph",IL,-0.338,0,0.0,0.0
Block Israel arms sale (Apr 2026),pro_israel,"DUCKWORTH, Tammy",IL,-0.347,0,0.0,0.0
Block Israel arms sale (Apr 2026),pro_israel,"VAN HOLLEN, Christopher",MD,-0.399,0,0.0,0.0
Block Israel arms sale (Apr 2026),pro_israel,"ALSOBROOKS, Angela Deneece",MD,-0.455,0,0.0,0.0
Block Israel arms sale (Apr 2026),pro_israel,"MARKEY, Edward John",MA,-0.518,0,2500.0,0.0
Block Israel arms sale (Apr 2026),pro_israel,"WARREN, Elizabeth",MA,-0.745,0,0.0,0.0
Block Israel arms sale (Apr 2026),pro_israel,"PETERS, Gary C.",MI,-0.252,1,0.0,0.0
Block Israel arms sale (Apr 2026),pro_israel,"SLOTKIN, Elissa",MI,-0.367,0,0.0,0.0
Block Israel arms sale (Apr 2026),pro_israel,"KLOBUCHAR, Amy",MN,-0.278,0,0.0,0.0
Block Israel arms sale (Apr 2026),pro_israel,"SMITH, Tina",MN,-0.408,0,0.0,0.0
Block Israel arms sale (Apr 2026),pro_israel,"ROSEN, Jacklyn Sheryl",NV,-0.284,1,0.0,0.0
Block Israel arms sale (Apr 2026),pro_israel,"CORTEZ MASTO, Catherine Marie",NV,-0.345,1,0.0,0.0
Block Israel arms sale (Apr 2026),pro_israel,"SHAHEEN, Jeanne",NH,-0.216,0,0.0,0.0
Block Israel arms sale (Apr 2026),pro_israel,"HASSAN, Margaret Wood (Maggie)",NH,-0.225,0,0.0,0.0
Block Israel arms sale (Apr 2026),pro_israel,"KIM, Andy",NJ,-0.428,0,0.0,0.0
Block Israel arms sale (Apr 2026),pro_israel,"BOOKER, Cory Anthony",NJ,-0.556,0,714674.0,0.0
Block Israel arms sale (Apr 2026),pro_israel,"HEINRICH, Martin",NM,-0.331,0,0.0,0.0
Block Israel arms sale (Apr 2026),pro_israel,"LUJÁN, Ben Ray",NM,-0.38,0,0.0,0.0
Block Israel arms sale (Apr 2026),pro_israel,"SCHUMER, Charles Ellis (Chuck)",NY,-0.356,1,0.0,0.0
Block Israel arms sale (Apr 2026),pro_israel,"GILLIBRAND, Kirsten",NY,-0.446,1,4000.0,0.0
Block Israel arms sale (Apr 2026),pro_israel,"WYDEN, Ronald Lee",OR,-0.335,0,0.0,0.0
Block Israel arms sale (Apr 2026),pro_israel,"MERKLEY, Jeff",OR,-0.453,0,0.0,0.0
Block Israel arms sale (Apr 2026),pro_israel,"FETTERMAN, John Karl",PA,-0.177,1,0.0,0.0
Block Israel arms sale (Apr 2026),pro_israel,"REED, John F. (Jack)",RI,-0.36,1,132993.0,137550.0
Block Israel arms sale (Apr 2026),pro_israel,"WHITEHOUSE, Sheldon",RI,-0.34,1,2500.0,0.0
Block Israel arms sale (Apr 2026),pro_israel,"WELCH, Peter",VT,-0.399,0,0.0,0.0
Block Israel arms sale (Apr 2026),pro_israel,"WARNER, Mark R.",VA,-0.216,1,458162.0,9000.0
Block Israel arms sale (Apr 2026),pro_israel,"KAINE, Timothy Michael (Tim)",VA,-0.233,0,0.0,0.0
Block Israel arms sale (Apr 2026),pro_israel,"CANTWELL, Maria E.",WA,-0.308,0,0.0,0.0
Block Israel arms sale (Apr 2026),pro_israel,"MURRAY, Patty",WA,-0.357,0,0.0,0.0
Block Israel arms sale (Apr 2026),pro_israel,"BALDWIN, Tammy",WI,-0.484,0,-2500.0,0.0
